Day,Month,Year,date,Subways_Total_Estimated_Ridership,Subways_Percentage_of_Comparable_Pre_Pandemic_Day,Buses_Total_Estimated_Ridership,Buses_Percentage_of_Comparable_Pre_Pandemic_Day,LIRR_Total_Estimated_Ridership,LIRR_Percentage_of_2019_Monthly_Weekday_Saturday_Sunday_Average,Metro_North_Total_Estimated_Ridership,Metro_North_Percentage_of_2019_Monthly_Weekday_Saturday_Sunday_Average,Access_A_Ride_Total_Scheduled_Trips,Access_A_Ride_Percentage_of_Comprable_Pre_Pandemic_Day,Bridges_and_Tunnels_Total_Traffic,Bridges_and_Tunnels_Percentage_of_Comparable_Pre_Pandemic_Day
5,5,2022,5/5/2022,3504103,0.595,1424789,0.603,"174,600",0.61,"150,100",0.58,"25,903",0.84,"982,930",0.995
4,5,2022,5/4/2022,3360317,0.573,1431253,0.597,"168,500",0.59,"147,100",0.57,"25,462",0.799,"909,016",0.945
3,5,2022,5/3/2022,3409510,0.586,1479266,0.625,"177,900",0.62,"155,300",0.6,"24,680",0.797,"929,868",0.994
2,5,2022,5/2/2022,2737861,0.485,1168467,0.513,"146,400",0.5,"126,800",0.48,"21,695",0.766,"883,276",0.952
1,5,2022,5/1/2022,1686408,0.724,674569,0.803,"64,600",0.69,"62,500",0.78,"12,976",0.741,"870,826",1.092
30,4,2022,4/30/2022,2110627,0.654,881880,0.635,"82,900",0.73,"82,800",0.86,"14,223",0.808,"938,739",1.004
29,4,2022,4/29/2022,3263295,0.568,1426696,0.639,"164,900",0.55,"136,900",0.51,"23,421",0.816,"994,415",0.984
28,4,2022,4/28/2022,3411573,0.578,1465092,0.624,"167,300",0.58,"146,300",0.56,"24,321",0.82,"968,651",0.986
27,4,2022,4/27/2022,3439081,0.592,1498948,0.638,"172,600",0.6,"153,100",0.59,"25,229",0.819,"934,481",0.981
26,4,2022,4/26/2022,3288631,0.571,1452642,0.635,"172,200",0.6,"153,900",0.59,"23,800",0.804,"897,493",0.966
25,4,2022,4/25/2022,3032820,0.546,1415410,0.63,"159,600",0.55,"139,000",0.52,"22,370",0.821,"883,942",0.976
24,4,2022,4/24/2022,1655863,0.684,648591,0.654,"64,800",0.69,"67,600",0.84,"12,927",0.74,"875,218",1.045
23,4,2022,4/23/2022,2109247,0.645,844146,0.632,"79,400",0.7,"89,800",0.93,"13,459",0.821,"907,580",0.984
22,4,2022,4/22/2022,2991024,0.592,1217380,0.696,"157,900",0.53,"145,600",0.54,"22,298",0.878,"935,779",1.036
21,4,2022,4/21/2022,3039160,0.556,1231047,0.623,"165,800",0.58,"147,500",0.57,"23,239",0.83,"920,202",0.977
20,4,2022,4/20/2022,3104143,0.571,1265823,0.628,"171,700",0.6,"155,700",0.6,"24,212",0.826,"942,383",1.001
19,4,2022,4/19/2022,2967971,0.546,1189960,0.588,"168,400",0.58,"151,500",0.58,"22,359",0.808,"895,086",0.961
18,4,2022,4/18/2022,2681463,0.542,1145261,0.631,"154,300",0.53,"139,200",0.52,"20,245",0.848,"901,207",0.98
17,4,2022,4/17/2022,1514273,0.646,596619,0.6,"71,300",0.76,"71,700",0.89,"14,704",0.759,"845,418",0.961
16,4,2022,4/16/2022,1988439,0.702,830874,0.695,"89,000",0.79,"83,700",0.87,"13,413",0.907,"885,536",1.049
15,4,2022,4/15/2022,2766260,0.582,1137728,0.645,"166,100",0.55,"140,200",0.52,"20,908",0.854,"973,156",1.008
14,4,2022,4/14/2022,3304078,0.56,1438990,0.639,"162,900",0.57,"144,300",0.55,"25,073",0.846,"982,717",0.982
13,4,2022,4/13/2022,3227557,0.54,1495891,0.639,"163,400",0.57,"147,000",0.57,"25,847",0.822,"949,712",0.981
12,4,2022,4/12/2022,3085168,0.52,1496004,0.637,"172,300",0.6,"149,400",0.57,"25,286",0.84,"936,334",0.989
11,4,2022,4/11/2022,3212082,0.578,1433226,0.654,"161,100",0.55,"140,200",0.53,"23,569",0.843,"901,316",0.992
10,4,2022,4/10/2022,1707761,0.69,667662,0.675,"63,200",0.68,"66,100",0.82,"13,935",0.748,"850,153",0.998
9,4,2022,4/9/2022,2190462,0.668,868945,0.62,"81,600",0.72,"86,600",0.9,"13,969",0.792,"897,690",0.947
8,4,2022,4/8/2022,3354096,0.586,1443367,0.646,"160,900",0.54,"140,800",0.52,"24,488",0.842,"998,348",0.997
7,4,2022,4/7/2022,3313712,0.569,1379678,0.589,"161,300",0.56,"140,200",0.54,"24,107",0.768,"901,454",0.927
6,4,2022,4/6/2022,3318116,0.566,1403198,0.598,"163,800",0.57,"142,800",0.55,"25,103",0.785,"890,470",0.937
5,4,2022,4/5/2022,3363543,0.583,1484961,0.642,"170,100",0.59,"150,700",0.58,"24,873",0.822,"904,813",0.99
4,4,2022,4/4/2022,3134343,0.564,1447820,0.633,"159,500",0.55,"135,900",0.51,"23,746",0.838,"899,510",0.988
3,4,2022,4/3/2022,1465351,0.584,607152,0.612,"58,800",0.63,"53,800",0.67,"12,947",0.675,"790,600",0.885
2,4,2022,4/2/2022,2130919,0.645,879513,0.626,"77,200",0.68,"80,500",0.83,"14,382",0.804,"893,814",0.953
1,4,2022,4/1/2022,3243079,0.569,1411421,0.65,"145,300",0.49,"120,600",0.45,"24,017",0.84,"972,802",0.999
31,3,2022,3/31/2022,3330025,0.563,1450363,0.614,"164,100",0.57,"139,600",0.54,"24,308",0.773,"941,530",0.965
30,3,2022,3/30/2022,3342993,0.568,1465351,0.616,"164,900",0.58,"143,200",0.55,"24,620",0.762,"913,063",0.978
29,3,2022,3/29/2022,3298783,0.572,1430099,0.61,"163,200",0.57,"143,900",0.55,"23,981",0.802,"886,086",0.978
28,3,2022,3/28/2022,2995970,0.538,1336330,0.582,"153,200",0.53,"130,900",0.49,"22,114",0.775,"868,259",0.968
27,3,2022,3/27/2022,1535658,0.679,628313,0.635,"65,000",0.69,"58,000",0.72,"11,809",0.678,"830,360",1.017
26,3,2022,3/26/2022,2026750,0.624,783499,0.56,"71,800",0.64,"73,900",0.77,"13,208",0.765,"875,353",0.942
25,3,2022,3/25/2022,3225045,0.576,1397899,0.628,"158,500",0.53,"133,400",0.5,"23,274",0.813,"967,743",0.982
24,3,2022,3/24/2022,3218694,0.555,1373850,0.59,"162,400",0.56,"134,100",0.51,"22,998",0.754,"900,384",0.931
23,3,2022,3/23/2022,3282248,0.574,1438665,0.623,"161,200",0.56,"138,900",0.54,"24,574",0.781,"891,509",0.963
22,3,2022,3/22/2022,3284022,0.577,1471299,0.627,"168,300",0.58,"144,800",0.56,"23,948",0.79,"891,089",0.985
21,3,2022,3/21/2022,3041126,0.561,1418900,0.628,"165,500",0.57,"134,200",0.5,"22,229",0.78,"880,846",0.991
20,3,2022,3/20/2022,1658395,0.686,628693,0.584,"67,600",0.72,"63,800",0.79,"12,736",0.69,"879,711",1.009
19,3,2022,3/19/2022,2003889,0.663,820933,0.618,"74,100",0.66,"74,000",0.77,"12,877",0.781,"872,810",0.986
18,3,2022,3/18/2022,3281721,0.597,1402806,0.655,"163,200",0.54,"137,500",0.51,"24,019",0.854,"978,491",1.015
17,3,2022,3/17/2022,3182552,0.572,1350810,0.618,"166,900",0.58,"135,700",0.52,"22,946",0.785,"888,875",0.967
16,3,2022,3/16/2022,3339344,0.587,1476356,0.63,"168,800",0.59,"145,100",0.56,"25,305",0.793,"914,284",0.99
15,3,2022,3/15/2022,3283193,0.582,1454522,0.625,"171,400",0.59,"146,800",0.56,"24,272",0.793,"906,028",0.998
14,3,2022,3/14/2022,3015216,0.559,1406578,0.624,"160,000",0.55,"134,100",0.5,"22,481",0.803,"879,699",0.986
13,3,2022,3/13/2022,1480930,0.613,590753,0.549,"60,000",0.64,"57,500",0.72,"11,491",0.623,"792,377",0.909
12,3,2022,3/12/2022,1665641,0.523,637601,0.47,"51,700",0.46,"59,900",0.62,"10,655",0.629,"669,502",0.74
11,3,2022,3/11/2022,3202106,0.568,1419371,0.637,"159,000",0.53,"135,400",0.5,"23,736",0.818,"986,555",0.989
10,3,2022,3/10/2022,3346277,0.576,1476288,0.626,"163,900",0.57,"140,100",0.54,"24,515",0.784,"945,191",0.98
9,3,2022,3/9/2022,3119759,0.54,1338822,0.57,"153,400",0.54,"129,100",0.5,"23,477",0.733,"832,720",0.896
8,3,2022,3/8/2022,3251396,0.565,1456451,0.625,"158,700",0.55,"138,800",0.53,"24,076",0.785,"894,132",0.985
7,3,2022,3/7/2022,2987081,0.537,1395540,0.609,"153,900",0.53,"129,800",0.49,"22,465",0.779,"861,409",0.954
6,3,2022,3/6/2022,1446051,0.644,600501,0.613,"53,000",0.57,"52,900",0.66,"12,557",0.749,"787,598",1.079
5,3,2022,3/5/2022,1957651,0.687,812774,0.649,"69,000",0.61,"70,400",0.73,"13,269",0.735,"865,292",1.028
4,3,2022,3/4/2022,3083344,0.559,1363159,0.634,"145,500",0.49,"125,100",0.47,"22,821",0.716,"957,694",0.996
3,3,2022,3/3/2022,3214169,0.565,1434851,0.647,"152,900",0.53,"132,500",0.51,"23,800",0.731,"923,154",0.996
2,3,2022,3/2/2022,3214846,0.572,1463263,0.65,"159,200",0.56,"140,900",0.55,"24,289",0.726,"896,503",1.008
1,3,2022,3/1/2022,3144836,0.564,1435834,0.646,"165,800",0.57,"150,800",0.58,"22,944",0.715,"873,348",0.999
28,2,2022,2/28/2022,2921956,0.54,1362855,0.613,"134,900",0.46,"118,600",0.45,"21,929",0.724,"859,177",0.999
27,2,2022,2/27/2022,1404750,0.617,604646,0.597,"62,900",0.67,"51,600",0.64,"11,337",0.565,"802,377",1.009
26,2,2022,2/26/2022,1826845,0.625,775358,0.615,"71,800",0.64,"61,600",0.64,"12,226",0.696,"847,294",1.019
25,2,2022,2/25/2022,2580174,0.499,1027563,0.546,"114,700",0.38,"91,000",0.34,"18,740",0.628,"794,852",0.855
24,2,2022,2/24/2022,2864025,0.534,1196924,0.602,"132,500",0.46,"110,400",0.42,"21,868",0.693,"911,720",1.005
23,2,2022,2/23/2022,2900361,0.541,1247209,0.613,"140,200",0.49,"119,200",0.46,"23,807",0.724,"892,767",1.012
22,2,2022,2/22/2022,2675275,0.519,1143526,0.589,"135,400",0.47,"112,800",0.43,"19,233",0.619,"846,877",0.988
21,2,2022,2/21/2022,1945048,0.607,873961,0.642,"109,900",0.38,"63,900",0.24,"12,500",0.765,"816,227",1.033
20,2,2022,2/20/2022,1478642,0.649,571789,0.565,"55,000",0.59,"54,900",0.68,"11,017",0.549,"768,971",0.967
19,2,2022,2/19/2022,1794244,0.614,723602,0.574,"64,700",0.57,"66,500",0.69,"12,171",0.693,"813,140",0.978
18,2,2022,2/18/2022,2959462,0.534,1285978,0.61,"129,400",0.43,"112,000",0.42,"21,470",0.695,"947,650",0.969
17,2,2022,2/17/2022,3116483,0.549,1408571,0.638,"141,200",0.49,"115,700",0.44,"23,713",0.72,"911,310",0.995
16,2,2022,2/16/2022,3106976,0.557,1406714,0.62,"140,400",0.49,"115,300",0.45,"23,513",0.687,"875,377",0.995
15,2,2022,2/15/2022,3037189,0.541,1340123,0.6,"146,600",0.51,"119,000",0.46,"21,922",0.667,"873,240",1.014
14,2,2022,2/14/2022,2913628,0.54,1272100,0.593,"142,500",0.49,"113,300",0.43,"20,812",0.692,"862,473",1.02
13,2,2022,2/13/2022,1351186,0.579,510307,0.525,"50,500",0.54,"46,400",0.58,"10,013",0.518,"655,107",0.865
12,2,2022,2/12/2022,2028603,0.729,820629,0.723,"71,700",0.64,"71,800",0.74,"13,376",0.813,"867,255",1.053
11,2,2022,2/11/2022,3021042,0.545,1348189,0.64,"131,000",0.44,"110,700",0.41,"22,608",0.731,"939,270",0.961
10,2,2022,2/10/2022,3118851,0.549,1423775,0.644,"143,100",0.5,"115,700",0.44,"23,341",0.709,"905,812",0.989
9,2,2022,2/9/2022,3095072,0.555,1421706,0.627,"143,700",0.5,"115,300",0.45,"23,863",0.697,"868,057",0.987
8,2,2022,2/8/2022,3022902,0.539,1387432,0.622,"141,700",0.49,"119,200",0.46,"22,667",0.69,"851,665",0.989
7,2,2022,2/7/2022,2789941,0.517,1297024,0.605,"136,500",0.47,"111,300",0.42,"21,120",0.702,"809,094",0.957
6,2,2022,2/6/2022,1325280,0.588,558211,0.562,"51,500",0.55,"48,400",0.6,"10,621",0.541,"744,779",0.973
5,2,2022,2/5/2022,1794615,0.603,726750,0.565,"61,200",0.54,"61,500",0.64,"11,377",0.628,"775,134",0.933
4,2,2022,2/4/2022,2730797,0.494,1176367,0.557,"117,900",0.39,"94,300",0.35,"18,557",0.603,"781,068",0.853
3,2,2022,2/3/2022,2919948,0.516,1304726,0.596,"126,900",0.44,"104,100",0.4,"22,325",0.695,"853,193",0.964
2,2,2022,2/2/2022,2945982,0.519,1314898,0.574,"140,100",0.49,"111,000",0.43,"22,427",0.667,"846,701",0.966
1,2,2022,2/1/2022,2640076,0.472,1127084,0.498,"135,300",0.47,"111,400",0.43,"20,357",0.628,"804,390",0.939
31,1,2022,1/31/2022,2580730,0.479,1139164,0.519,"132,200",0.46,"109,700",0.41,"18,400",0.611,"777,628",0.907
30,1,2022,1/30/2022,1263710,0.565,460299,0.475,"47,900",0.51,"45,000",0.56,"5,974",0.302,"506,466",0.72
29,1,2022,1/29/2022,1000199,0.348,271959,0.217,"8,100",0.07,"22,000",0.23,"5,353",0.317,"174,348",0.221
28,1,2022,1/28/2022,2708397,0.501,1208092,0.569,"120,900",0.4,"96,400",0.36,"20,115",0.645,"866,261",0.929
27,1,2022,1/27/2022,2730250,0.484,1275573,0.581,"119,000",0.41,"95,700",0.37,"20,934",0.663,"869,615",1.008
26,1,2022,1/26/2022,2717000,0.482,1266798,0.568,"118,600",0.41,"96,300",0.37,"21,033",0.645,"833,936",0.955
25,1,2022,1/25/2022,2706871,0.485,1308979,0.586,"124,500",0.43,"98,900",0.38,"21,233",0.673,"817,021",0.956
24,1,2022,1/24/2022,2542015,0.484,1244112,0.594,"127,800",0.44,"100,500",0.38,"19,472",0.658,"791,390",0.938
23,1,2022,1/23/2022,1246961,0.535,529115,0.528,"48,700",0.52,"43,600",0.54,"9,446",0.511,"685,007",0.896
22,1,2022,1/22/2022,1585292,0.609,655490,0.636,"59,400",0.53,"53,700",0.56,"10,455",0.652,"735,629",0.988
21,1,2022,1/21/2022,2570529,0.481,1151816,0.557,"113,500",0.38,"91,100",0.34,"19,079",0.626,"864,079",0.931
20,1,2022,1/20/2022,2550517,0.468,1181953,0.555,"112,600",0.39,"88,200",0.34,"18,616",0.587,"766,608",0.861
19,1,2022,1/19/2022,2647727,0.488,1286788,0.603,"121,200",0.42,"96,300",0.37,"21,111",0.648,"829,778",0.957
18,1,2022,1/18/2022,2546425,0.479,1222195,0.589,"125,600",0.44,"100,400",0.39,"19,389",0.619,"815,605",0.943
17,1,2022,1/17/2022,1602238,0.502,694066,0.532,"98,700",0.34,"44,100",0.17,"8,760",0.56,"649,397",0.815
16,1,2022,1/16/2022,1166766,0.511,456257,0.483,"43,600",0.47,"38,000",0.47,"8,545",0.503,"621,361",0.884
15,1,2022,1/15/2022,1436125,0.554,573037,0.565,"53,400",0.47,"45,300",0.47,"9,510",0.674,"703,293",1.093
14,1,2022,1/14/2022,2527746,0.473,1186647,0.584,"109,200",0.36,"88,600",0.33,"18,878",0.62,"866,901",0.911
13,1,2022,1/13/2022,2529329,0.458,1218552,0.566,"112,500",0.39,"87,700",0.34,"19,918",0.627,"821,641",0.908
12,1,2022,1/12/2022,2464248,0.447,1179931,0.529,"111,000",0.39,"86,000",0.33,"19,679",0.591,"784,901",0.886
11,1,2022,1/11/2022,2271033,0.419,1040581,0.479,"104,400",0.36,"81,400",0.31,"17,388",0.542,"753,381",0.875
10,1,2022,1/10/2022,2352277,0.451,1147341,0.529,"116,500",0.4,"90,200",0.34,"18,268",0.611,"762,712",0.9
9,1,2022,1/9/2022,1103682,0.482,475438,0.478,"43,400",0.46,"35,300",0.44,"7,916",0.409,"567,494",0.75
8,1,2022,1/8/2022,1487737,0.495,631341,0.485,"51,700",0.46,"46,400",0.48,"9,126",0.498,"641,533",0.773
7,1,2022,1/7/2022,2125569,0.39,880997,0.413,"90,200",0.3,"73,100",0.27,"14,203",0.46,"559,774",0.613
6,1,2022,1/6/2022,2396085,0.438,1146904,0.543,"103,600",0.36,"82,600",0.32,"18,672",0.592,"780,026",0.879
5,1,2022,1/5/2022,2272601,0.418,1078511,0.503,"98,300",0.34,"77,600",0.3,"18,861",0.587,"709,060",0.831
4,1,2022,1/4/2022,2294147,0.424,1082360,0.503,"104,200",0.36,"82,000",0.32,"17,909",0.567,"733,369",0.871
3,1,2022,1/3/2022,2172744,0.414,1000002,0.478,"103,000",0.35,"84,000",0.32,"16,437",0.552,"692,740",0.832
2,1,2022,1/2/2022,1221306,0.537,475096,0.504,"49,200",0.53,"42,600",0.53,"8,383",0.45,"624,655",0.888
1,1,2022,1/1/2022,1029180,0.445,350845,0.464,"34,000",0.3,"30,300",0.31,"4,904",0.575,"498,515",0.746
31,12,2021,12/31/2021,1629859,0.522,699749,0.58,"96,700",0.32,"85,200",0.32,"11,498",0.757,"628,305",0.737
30,12,2021,12/30/2021,2202359,0.509,928012,0.604,"110,100",0.38,"90,800",0.35,"16,177",0.657,"804,654",0.985
29,12,2021,12/29/2021,2171073,0.501,921562,0.6,"105,900",0.37,"92,600",0.36,"16,859",0.685,"768,653",0.941
28,12,2021,12/28/2021,2172791,0.502,953933,0.621,"109,900",0.38,"89,700",0.35,"16,736",0.68,"764,364",0.935
27,12,2021,12/27/2021,2011675,0.465,890096,0.58,"108,500",0.37,"89,400",0.34,"14,952",0.608,"744,547",0.911
26,12,2021,12/26/2021,1286484,0.51,518897,0.551,"56,500",0.6,"51,500",0.64,"8,744",0.488,"673,477",0.862
25,12,2021,12/25/2021,811945,0.466,329549,0.493,"39,500",0.35,"31,600",0.33,"9,021",0.61,"582,582",0.761
24,12,2021,12/24/2021,1577738,0.432,746809,0.489,"97,400",0.33,"81,100",0.3,"12,009",0.541,"738,612",0.816
23,12,2021,12/23/2021,2491489,0.525,1166953,0.637,"118,400",0.41,"97,200",0.37,"19,335",0.716,"899,513",0.972
22,12,2021,12/22/2021,2640159,0.556,1252621,0.684,"117,700",0.41,"92,900",0.36,"21,673",0.803,"878,197",0.949
21,12,2021,12/21/2021,2703097,0.57,1299476,0.71,"124,400",0.43,"97,100",0.37,"21,656",0.802,"866,595",0.936
20,12,2021,12/20/2021,2722430,0.574,1277654,0.698,"132,100",0.45,"102,700",0.39,"20,318",0.753,"856,849",0.926
19,12,2021,12/19/2021,1581503,0.593,636393,0.61,"65,700",0.7,"56,300",0.7,"12,238",0.617,"784,051",0.935
18,12,2021,12/18/2021,1882956,0.591,786073,0.621,"74,300",0.66,"66,100",0.69,"12,312",0.706,"832,994",0.918
17,12,2021,12/17/2021,3118492,0.551,1375383,0.662,"146,100",0.49,"121,000",0.45,"22,539",0.723,"968,689",0.976
16,12,2021,12/16/2021,3226842,0.561,1438193,0.703,"152,700",0.53,"126,100",0.48,"23,623",0.741,"948,535",0.974
15,12,2021,12/15/2021,3249076,0.547,1436154,0.65,"153,100",0.53,"129,800",0.5,"23,732",0.707,"921,048",0.976
14,12,2021,12/14/2021,3281294,0.576,1378221,0.674,"154,900",0.54,"131,800",0.51,"23,043",0.73,"894,669",1.033
13,12,2021,12/13/2021,3127619,0.546,1333718,0.612,"153,400",0.53,"129,700",0.49,"21,617",0.716,"874,293",0.964
12,12,2021,12/12/2021,1831705,0.651,627007,0.595,"80,900",0.87,"66,500",0.83,"12,189",0.617,"828,121",0.985
11,12,2021,12/11/2021,2268556,0.657,786137,0.613,"91,900",0.81,"81,100",0.84,"13,396",0.754,"863,814",0.98
10,12,2021,12/10/2021,3423782,0.578,1404176,0.665,"152,500",0.51,"127,700",0.48,"22,237",0.725,"962,125",0.982
9,12,2021,12/9/2021,3440822,0.565,1436883,0.643,"154,400",0.54,"126,200",0.48,"22,743",0.696,"927,903",0.948
8,12,2021,12/8/2021,3385675,0.569,1430106,0.647,"156,200",0.55,"130,200",0.5,"22,691",0.731,"889,409",1.008
7,12,2021,12/7/2021,3375157,0.569,1453136,0.649,"153,700",0.53,"131,000",0.5,"23,262",0.711,"883,027",0.971
6,12,2021,12/6/2021,3142556,0.559,1394230,0.678,"155,000",0.53,"127,300",0.48,"21,761",0.728,"865,595",0.988
5,12,2021,12/5/2021,1737545,0.65,665129,0.643,"72,700",0.78,"60,500",0.75,"12,541",0.639,"818,544",0.991
4,12,2021,12/4/2021,2318203,0.658,864764,0.655,"91,500",0.81,"81,400",0.84,"13,317",0.719,"864,918",0.965
3,12,2021,12/3/2021,3380539,0.567,1419078,0.645,"144,500",0.48,"119,400",0.44,"22,518",0.727,"940,827",0.962
2,12,2021,12/2/2021,3366133,0.555,1449142,0.635,"154,700",0.54,"127,500",0.49,"22,540",0.685,"923,179",0.957
1,12,2021,12/1/2021,3333735,0.557,1463384,0.639,"163,200",0.57,"136,100",0.53,"23,347",0.692,"899,319",0.966
30,11,2021,11/30/2021,3214333,0.551,1432539,0.642,"166,700",0.58,"136,600",0.53,"22,469",0.743,"897,216",1.001
29,11,2021,11/29/2021,3002707,0.57,1381661,0.704,"166,200",0.57,"132,500",0.5,"21,124",0.805,"900,399",1.179
28,11,2021,11/28/2021,1467414,0.722,592081,0.723,"75,200",0.8,"65,100",0.81,"10,481",0.697,"825,585",1.135
27,11,2021,11/27/2021,1882638,0.675,750986,0.613,"83,700",0.74,"76,100",0.79,"10,620",0.744,"850,980",0.943
26,11,2021,11/26/2021,2092977,0.601,843588,0.595,"128,500",0.43,"108,700",0.4,"11,077",0.741,"789,915",0.984
25,11,2021,11/25/2021,1359188,0.64,509782,0.624,"125,400",0.44,"69,900",0.27,"15,459",0.722,"861,084",0.954
24,11,2021,11/24/2021,3091878,0.585,1343391,0.627,"165,300",0.58,"139,400",0.54,"21,002",0.763,"992,568",1.005
23,11,2021,11/23/2021,3293785,0.564,1424890,0.618,"162,200",0.56,"136,600",0.53,"22,574",0.708,"989,345",0.992
22,11,2021,11/22/2021,3137259,0.548,1418226,0.624,"156,900",0.54,"127,800",0.48,"21,441",0.717,"901,942",0.996
21,11,2021,11/21/2021,1676033,0.743,674551,0.724,"80,500",0.86,"66,900",0.83,,,"841,901",1.115
20,11,2021,11/20/2021,2138098,0.67,861772,0.635,"94,400",0.84,"82,900",0.86,,,"915,131",1.02
19,11,2021,11/19/2021,3323841,0.572,1429787,0.653,"151,800",0.51,"127,100",0.47,"22,662",0.745,"987,149",1.009
18,11,2021,11/18/2021,3419760,0.57,1505488,0.645,"157,400",0.55,"132,600",0.51,"24,071",0.742,"959,226",0.999
17,11,2021,11/17/2021,3376522,0.569,1501740,0.645,"158,400",0.55,"131,100",0.51,"24,396",0.728,"915,266",0.986
16,11,2021,11/16/2021,3348316,0.568,1492110,0.643,"161,400",0.56,"137,200",0.53,"23,694",0.725,"902,386",0.992
15,11,2021,11/15/2021,3117761,0.555,1437414,0.661,"161,000",0.55,"132,200",0.5,"22,208",0.747,"890,524",1.009
14,11,2021,11/14/2021,1704908,0.7,657129,0.65,"72,500",0.78,"62,900",0.78,"12,460",0.657,"858,311",1.046
13,11,2021,11/13/2021,2172149,0.671,815114,0.619,"80,800",0.72,"74,300",0.77,"13,124",0.751,"869,112",0.962
12,11,2021,11/12/2021,3164764,0.538,1350608,0.606,"141,700",0.47,"117,700",0.44,"21,598",0.69,"919,941",0.929
11,11,2021,11/11/2021,2927728,0.61,1198235,0.661,"143,400",0.5,"122,900",0.47,"19,846",0.898,"895,643",1.054
10,11,2021,11/10/2021,3359437,0.576,1514453,0.69,"159,300",0.56,"134,400",0.52,"24,608",0.763,"926,005",1.009
9,11,2021,11/9/2021,3287134,0.566,1518264,0.692,"157,200",0.54,"134,100",0.52,"24,504",0.776,"898,518",1.012
8,11,2021,11/8/2021,3072454,0.528,1461178,0.632,"159,700",0.55,"131,100",0.49,"22,136",0.735,"889,544",0.968
7,11,2021,11/7/2021,1891963,0.657,614513,0.62,"81,200",0.87,"72,200",0.9,"10,647",0.63,"780,686",1.005
6,11,2021,11/6/2021,2198274,0.679,864499,0.661,"84,900",0.75,"80,800",0.84,"13,672",0.771,"910,587",0.996
5,11,2021,11/5/2021,3300207,0.563,1457014,0.667,"150,200",0.5,"121,800",0.45,"23,009",0.777,"966,007",0.985
4,11,2021,11/4/2021,3291525,0.546,1486942,0.636,"151,400",0.53,"126,500",0.49,"24,009",0.745,"931,012",0.975
3,11,2021,11/3/2021,3301103,0.548,1507287,0.634,"154,200",0.54,"131,000",0.51,"23,349",0.701,"901,230",0.963
2,11,2021,11/2/2021,2853901,0.515,1258180,0.598,"147,800",0.51,"129,300",0.5,"22,016",0.722,"853,432",0.957
1,11,2021,11/1/2021,3041089,0.522,1448304,0.626,"158,400",0.54,"131,300",0.49,"21,387",0.71,"898,451",0.978
31,10,2021,10/31/2021,1748679,0.695,656203,0.624,"68,700",0.73,"66,300",0.82,"12,233",0.63,"824,978",0.961
30,10,2021,10/30/2021,2046487,0.611,819620,0.591,"76,500",0.68,"69,300",0.72,"12,642",0.694,"854,656",0.923
29,10,2021,10/29/2021,3258376,0.547,1426938,0.63,"153,300",0.51,"122,600",0.46,"22,477",0.743,"963,442",0.972
28,10,2021,10/28/2021,3373576,0.584,1515489,0.698,"159,600",0.55,"132,200",0.51,"24,814",0.855,"959,835",1.083
27,10,2021,10/27/2021,3307634,0.549,1503535,0.637,"155,900",0.54,"129,900",0.5,"24,144",0.752,"914,494",0.988
26,10,2021,10/26/2021,2707913,0.453,1233660,0.531,"130,100",0.45,"104,500",0.4,"21,220",0.682,"738,636",0.809
25,10,2021,10/25/2021,3001962,0.521,1461023,0.63,"158,300",0.54,"125,800",0.47,"21,724",0.752,"883,887",0.967
24,10,2021,10/24/2021,1601835,0.727,659283,0.756,"69,600",0.74,"68,200",0.85,"12,314",0.719,"883,371",1.137
23,10,2021,10/23/2021,2079731,0.623,847596,0.606,"74,700",0.66,"82,900",0.86,"13,556",0.76,"914,737",0.961
22,10,2021,10/22/2021,3232113,0.547,1471199,0.641,"145,800",0.49,"126,600",0.47,"22,843",0.757,"986,548",0.98
21,10,2021,10/21/2021,3275195,0.535,1476434,0.62,"149,900",0.52,"127,300",0.49,"24,007",0.748,"948,652",0.963
20,10,2021,10/20/2021,3241475,0.535,1525608,0.636,"155,200",0.54,"131,100",0.51,"24,474",0.747,"916,246",0.969
19,10,2021,10/19/2021,3185458,0.549,1510722,0.667,"153,400",0.53,"130,000",0.5,"23,403",0.78,"899,389",1.028
18,10,2021,10/18/2021,2989693,0.527,1461843,0.638,"153,700",0.53,"127,400",0.48,"21,454",0.781,"889,996",1.018
17,10,2021,10/17/2021,1631844,0.67,663944,0.678,"74,800",0.8,"69,700",0.87,"12,564",0.674,"891,527",1.069
16,10,2021,10/16/2021,2044396,0.608,856990,0.62,"83,400",0.74,"74,900",0.78,"13,307",0.753,"896,392",0.939
15,10,2021,10/15/2021,3233854,0.539,1491099,0.653,"150,900",0.5,"124,700",0.46,"23,251",0.772,"990,940",0.963
14,10,2021,10/14/2021,3248072,0.534,1527543,0.66,"154,600",0.54,"126,800",0.49,"24,144",0.77,"952,876",0.983
13,10,2021,10/13/2021,3164655,0.541,1511356,0.689,"151,300",0.53,"124,800",0.48,"24,396",0.784,"907,632",0.998
12,10,2021,10/12/2021,3110171,0.529,1514608,0.644,"154,600",0.54,"128,200",0.49,"23,848",0.787,"910,639",0.996
11,10,2021,10/11/2021,2267498,0.532,1045865,0.64,"131,700",0.45,"114,500",0.43,"16,917",0.889,"878,443",1.029
10,10,2021,10/10/2021,1499551,0.564,601821,0.558,"65,600",0.7,"59,000",0.73,"11,794",0.638,"806,025",0.9
9,10,2021,10/9/2021,2052746,0.628,856308,0.621,"84,600",0.75,"82,000",0.85,"13,634",0.779,"919,384",0.978
8,10,2021,10/8/2021,3175133,0.541,1473912,0.646,"153,800",0.51,"123,600",0.46,"23,356",0.783,"1,001,210",0.97
7,10,2021,10/7/2021,3198045,0.529,1523168,0.642,"150,100",0.52,"121,400",0.47,"24,571",0.781,"951,212",0.979
6,10,2021,10/6/2021,3147958,0.529,1532668,0.634,"149,600",0.52,"123,100",0.48,"24,678",0.795,"913,993",0.987
5,10,2021,10/5/2021,3098187,0.541,1499767,0.65,"150,200",0.52,"124,700",0.48,"23,644",0.778,"887,129",1.01
4,10,2021,10/4/2021,2870940,0.502,1419155,0.604,"152,600",0.53,"121,300",0.46,"21,794",0.748,"871,945",0.964
3,10,2021,10/3/2021,1577642,0.626,673253,0.626,"74,900",0.8,"66,800",0.83,"12,936",0.672,"887,540",1.02
2,10,2021,10/2/2021,2066222,0.619,883902,0.628,"86,600",0.77,"80,900",0.84,"14,145",0.798,"923,455",0.987
1,10,2021,10/1/2021,3169206,0.528,1492942,0.64,"140,000",0.47,"116,200",0.43,"23,098",0.773,"985,786",0.981
30,9,2021,9/30/2021,3153965,0.524,1516081,0.657,"144,800",0.5,"121,800",0.47,"23,555",0.746,"953,501",1.018
29,9,2021,9/29/2021,3070509,0.516,1513184,0.626,"137,500",0.48,"120,000",0.46,"23,323",0.751,"886,785",0.958
28,9,2021,9/28/2021,2934542,0.488,1457421,0.611,"141,200",0.49,"118,300",0.45,"21,727",0.722,"831,192",0.901
27,9,2021,9/27/2021,2880083,0.5,1489441,0.636,"146,200",0.5,"121,500",0.46,"21,209",0.757,"881,116",0.954
26,9,2021,9/26/2021,1616915,0.637,657257,0.601,"80,100",0.86,"64,900",0.81,"12,034",0.643,"895,286",0.975
25,9,2021,9/25/2021,2132211,0.664,872490,0.626,"88,500",0.78,"81,300",0.84,"13,909",0.817,"953,628",0.982
24,9,2021,9/24/2021,3128041,0.531,1469705,0.637,"142,800",0.48,"116,700",0.43,"21,941",0.765,"986,694",0.966
23,9,2021,9/23/2021,3022830,0.498,1483075,0.626,"140,100",0.49,"115,500",0.44,"23,031",0.753,"915,198",0.94
22,9,2021,9/22/2021,3027925,0.499,1506211,0.627,"139,900",0.49,"120,100",0.46,"23,157",0.728,"872,883",0.921
21,9,2021,9/21/2021,3025310,0.503,1505803,0.632,"142,700",0.49,"123,900",0.48,"22,399",0.745,"860,050",0.932
20,9,2021,9/20/2021,2889759,0.502,1481676,0.632,"148,100",0.51,"122,100",0.46,"21,889",0.781,"895,109",0.97
19,9,2021,9/19/2021,1598720,0.611,674024,0.602,"69,400",0.74,"64,100",0.8,"12,612",0.674,"914,623",0.979
18,9,2021,9/18/2021,2017430,0.607,871175,0.611,"77,300",0.69,"76,300",0.79,"14,054",0.795,"949,178",0.975
17,9,2021,9/17/2021,3034676,0.507,1456201,0.626,"142,100",0.47,"119,300",0.44,"23,282",0.807,"982,085",0.968
16,9,2021,9/16/2021,2539853,0.421,1210069,0.5,"128,000",0.44,"107,700",0.41,"20,826",0.672,"864,413",0.882
15,9,2021,9/15/2021,2993744,0.499,1503627,0.618,"139,900",0.49,"116,400",0.45,"23,966",0.746,"904,733",0.958
14,9,2021,9/14/2021,3017947,0.506,1511145,0.624,"144,900",0.5,"120,500",0.46,"23,132",0.753,"908,024",0.975
13,9,2021,9/13/2021,2858929,0.503,1441516,0.609,"147,800",0.51,"122,500",0.46,"21,898",0.775,"914,827",0.985
12,9,2021,9/12/2021,1591655,0.621,694561,0.626,"77,000",0.82,"59,000",0.73,"12,239",0.662,"899,864",0.979
11,9,2021,9/11/2021,1985273,0.633,870791,0.629,"82,200",0.73,"65,300",0.68,"13,070",0.774,"917,704",0.977
10,9,2021,9/10/2021,2845820,0.484,1322430,0.564,"150,900",0.5,"113,500",0.42,"23,037",0.781,"995,486",0.98
9,9,2021,9/9/2021,2708091,0.455,1249341,0.52,"139,500",0.48,"111,700",0.43,"23,653",0.761,"911,040",0.938
8,9,2021,9/8/2021,2534847,0.46,1192895,0.547,"135,700",0.47,"110,900",0.43,"22,354",0.734,"896,020",0.956
7,9,2021,9/7/2021,2238469,0.421,1102372,0.519,"137,600",0.48,"113,700",0.44,"21,143",0.738,"902,400",0.948
6,9,2021,9/6/2021,1523354,0.683,733947,0.774,"77,900",0.83,"51,300",0.19,"10,077",1.055,"812,884",1.096
5,9,2021,9/5/2021,1416893,0.568,618622,0.571,"71,000",0.76,"45,200",0.56,"11,931",0.637,"832,200",0.928
4,9,2021,9/4/2021,1779743,0.61,834456,0.623,"84,800",0.75,"57,100",0.59,"13,382",0.818,"927,358",0.985
3,9,2021,9/3/2021,2394842,0.488,1221668,0.61,"139,800",0.47,"97,900",0.36,"22,585",0.845,"1,014,806",0.981
2,9,2021,9/2/2021,1664178,0.315,1188941,0.57,"105,600",0.37,,,"21,179",0.758,"851,145",0.833
1,9,2021,9/1/2021,2298999,0.442,1086148,0.537,"118,400",0.41,"90,600",0.35,"20,878",0.719,"811,053",0.858
31,8,2021,8/31/2021,2537974,0.487,1246463,0.606,"133,600",0.46,"99,900",0.38,"22,724",0.806,"936,181",0.995
30,8,2021,8/30/2021,2325695,0.477,1182908,0.61,"131,600",0.45,"97,100",0.37,"19,224",0.757,"911,105",0.984
29,8,2021,8/29/2021,1400642,0.561,630281,0.582,"68,800",0.74,"54,100",0.67,"11,558",0.617,"890,505",0.993
28,8,2021,8/28/2021,1661095,0.57,776489,0.58,"69,000",0.61,"56,200",0.58,"12,760",0.78,"890,293",0.946
27,8,2021,8/27/2021,2392602,0.487,1147249,0.573,"119,700",0.4,"90,500",0.34,"21,211",0.794,"973,335",0.941
26,8,2021,8/26/2021,2485132,0.471,1222996,0.587,"122,100",0.42,"91,000",0.35,"22,068",0.789,"950,534",0.931
25,8,2021,8/25/2021,2503420,0.482,1236342,0.611,"127,400",0.44,"93,300",0.36,"23,351",0.804,"957,036",1.013
24,8,2021,8/24/2021,2467406,0.473,1234884,0.6,"130,600",0.45,"98,300",0.38,"22,679",0.804,"942,935",1.002
23,8,2021,8/23/2021,2056731,0.422,1032792,0.533,"110,000",0.38,"84,200",0.32,"18,809",0.741,"821,654",0.888
22,8,2021,8/22/2021,745800,0.32,369246,0.335,"27,500",0.29,"16,100",0.2,"7,979",0.45,"489,334",0.527
21,8,2021,8/21/2021,1716439,0.592,822340,0.597,"72,800",0.65,"62,000",0.64,"13,046",0.79,"941,331",0.956
20,8,2021,8/20/2021,2460924,0.504,1183308,0.623,"124,600",0.42,"99,500",0.37,"21,451",0.793,"969,814",0.958
19,8,2021,8/19/2021,2444495,0.479,1194375,0.601,"117,400",0.41,"93,000",0.36,"21,838",0.772,"939,085",0.942
18,8,2021,8/18/2021,2450516,0.483,1210760,0.612,"117,200",0.41,"97,900",0.38,"22,715",0.779,"917,872",0.964
17,8,2021,8/17/2021,2432692,0.476,1209633,0.601,"120,700",0.42,"103,600",0.4,"22,245",0.785,"909,180",0.955
16,8,2021,8/16/2021,2292396,0.475,1170216,0.61,"123,900",0.43,"100,300",0.38,"20,087",0.773,"910,779",0.968
15,8,2021,8/15/2021,1430620,0.629,661705,0.608,"73,000",0.78,"54,400",0.68,"12,395",0.691,"918,288",1.007
14,8,2021,8/14/2021,1718222,0.6,811826,0.587,"75,700",0.67,"57,700",0.6,"13,157",0.793,"904,780",0.955
13,8,2021,8/13/2021,2434624,0.485,1189426,0.601,"123,800",0.41,"91,900",0.34,"21,336",0.788,"973,883",0.966
12,8,2021,8/12/2021,2453353,0.461,1223666,0.596,"119,700",0.42,"90,800",0.35,"22,427",0.779,"965,578",0.968
11,8,2021,8/11/2021,2480877,0.473,1246306,0.615,"119,700",0.42,"94,700",0.37,"23,338",0.778,"931,264",0.983
10,8,2021,8/10/2021,2447231,0.476,1245670,0.631,"122,500",0.42,"95,300",0.37,"23,079",0.818,"905,508",0.999
9,8,2021,8/9/2021,2294279,0.456,1183050,0.595,"109,900",0.38,"95,600",0.36,"20,540",0.784,"891,525",0.942
8,8,2021,8/8/2021,1333885,0.538,598574,0.544,"61,100",0.65,"54,300",0.68,"11,934",0.67,"843,489",0.922
7,8,2021,8/7/2021,1780458,0.589,836715,0.607,"76,800",0.68,"67,300",0.7,"14,108",0.83,"923,751",0.944
6,8,2021,8/6/2021,2523944,0.488,1222343,0.607,"123,200",0.41,"101,200",0.38,"22,179",0.81,"979,833",0.958
5,8,2021,8/5/2021,2534287,0.466,1259332,0.599,"120,000",0.42,"98,300",0.38,"22,610",0.778,"956,306",0.956
4,8,2021,8/4/2021,2534018,0.482,1257876,0.632,"123,700",0.43,"99,300",0.38,"23,611",0.803,"921,068",1.006
3,8,2021,8/3/2021,2489064,0.465,1262043,0.597,"123,900",0.43,"103,200",0.4,"22,828",0.783,"904,753",0.968
2,8,2021,8/2/2021,2338722,0.455,1208484,0.586,"126,200",0.43,"102,300",0.38,"19,824",0.739,"903,514",0.96
1,8,2021,8/1/2021,1351294,0.552,629963,0.557,"66,000",0.71,"52,000",0.65,"11,627",0.63,"869,092",0.939
31,7,2021,7/31/2021,1841007,0.612,857333,0.614,"85,400",0.76,"67,100",0.7,"13,932",0.836,"953,445",1.015
30,7,2021,7/30/2021,2562489,0.491,1235623,0.603,"131,900",0.44,"103,500",0.39,"22,127",0.808,"988,596",0.97
29,7,2021,7/29/2021,2433507,0.445,1186642,0.551,"120,300",0.42,"94,700",0.36,"22,164",0.767,"918,380",0.91
28,7,2021,7/28/2021,2539760,0.474,1276296,0.624,"126,800",0.44,"100,000",0.39,"23,145",0.786,"932,094",0.987
27,7,2021,7/27/2021,2493079,0.462,1267804,0.598,"128,300",0.44,"103,000",0.4,"22,609",0.781,"918,908",0.969
26,7,2021,7/26/2021,2323169,0.451,1219135,0.591,"129,900",0.45,"101,300",0.38,"19,910",0.754,"907,205",0.961
25,7,2021,7/25/2021,1364830,0.56,625645,0.556,"66,400",0.71,"53,100",0.66,"11,419",0.631,"864,361",0.908
24,7,2021,7/24/2021,1852402,0.607,856250,0.612,"84,900",0.75,"68,600",0.71,"14,042",0.831,"950,568",0.966
23,7,2021,7/23/2021,2557043,0.481,1219255,0.598,"130,500",0.44,"101,100",0.38,"22,314",0.808,"985,198",0.949
22,7,2021,7/22/2021,2587338,0.465,1279778,0.595,"127,300",0.44,"102,300",0.39,"23,122",0.788,"963,493",0.95
21,7,2021,7/21/2021,2509502,0.448,1225595,0.562,"121,500",0.42,"104,900",0.41,"22,865",0.752,"914,902",0.934
20,7,2021,7/20/2021,2467017,0.467,1217802,0.6,"125,800",0.44,"107,000",0.41,"22,213",0.765,"924,495",1.01
19,7,2021,7/19/2021,2332473,0.461,1208792,0.607,"126,700",0.44,"103,400",0.39,"20,276",0.77,"897,298",0.983
18,7,2021,7/18/2021,1405344,0.645,640618,0.621,"67,400",0.72,"56,200",0.7,"11,313",0.732,"838,604",0.96
17,7,2021,7/17/2021,1717480,0.649,795347,0.626,"73,000",0.65,"64,500",0.67,"13,228",0.882,"897,001",0.97
16,7,2021,7/16/2021,2541195,0.488,1219118,0.594,"123,500",0.41,"104,300",0.39,"21,730",0.806,"983,846",0.957
15,7,2021,7/15/2021,2586791,0.478,1275846,0.624,"125,600",0.44,"105,200",0.4,"23,772",0.82,"971,048",0.993
14,7,2021,7/14/2021,2522633,0.46,1260044,0.596,"120,500",0.42,"101,800",0.39,"23,662",0.775,"919,213",0.971
13,7,2021,7/13/2021,2462643,0.444,1239045,0.572,"123,400",0.43,"105,300",0.41,"22,286",0.743,"895,705",0.937
12,7,2021,7/12/2021,2249975,0.425,1171521,0.559,"120,500",0.41,"99,000",0.37,"20,623",0.764,"866,231",0.912
11,7,2021,7/11/2021,1367403,0.561,635511,0.563,"62,600",0.67,"53,200",0.66,"11,725",0.652,"830,775",0.875
10,7,2021,7/10/2021,1783921,0.588,855908,0.589,"73,000",0.65,"64,400",0.67,"14,518",0.847,"925,950",0.931
9,7,2021,7/9/2021,2322712,0.43,1115969,0.548,"109,400",0.37,"88,300",0.33,"20,632",0.743,"888,932",0.874
8,7,2021,7/8/2021,2369035,0.431,1164513,0.56,"116,300",0.4,"93,200",0.36,"22,941",0.774,"897,858",0.925
7,7,2021,7/7/2021,2442092,0.438,1234617,0.566,"122,600",0.43,"99,100",0.38,"23,637",0.786,"926,634",0.966
6,7,2021,7/6/2021,2306692,0.422,1181416,0.544,"127,900",0.44,"100,500",0.39,"22,648",0.76,"903,777",0.952
5,7,2021,7/5/2021,1497714,0.647,770321,0.699,"78,400",0.84,"59,700",0.22,"10,303",0.569,"838,087",0.907
4,7,2021,7/4/2021,1470325,0.54,615001,0.551,"70,200",0.75,"63,900",0.8,"12,816",0.984,"773,629",0.883
3,7,2021,7/3/2021,1543756,0.595,738089,0.578,"63,800",0.57,"57,400",0.59,"12,676",0.874,"777,262",0.979
2,7,2021,7/2/2021,2300302,0.59,1121116,0.637,"116,500",0.39,"94,300",0.35,"21,489",0.968,"920,188",1.076
1,7,2021,7/1/2021,2297059,0.418,1104516,0.531,"114,400",0.4,"90,000",0.35,"22,011",0.743,"933,638",1.214
30,6,2021,6/30/2021,2350864,0.45,1139886,0.547,"119,400",0.42,"99,500",0.38,"23,001",0.769,"945,822",0.937
29,6,2021,6/29/2021,2348456,0.44,1169268,0.562,"119,400",0.41,"97,800",0.38,"21,612",0.732,"930,011",0.982
28,6,2021,6/28/2021,2256926,0.433,1152019,0.564,"122,300",0.42,"101,500",0.38,"20,503",0.769,"924,740",0.965
27,6,2021,6/27/2021,1561403,0.517,656004,0.596,"75,100",0.8,"62,400",0.78,"11,883",0.696,"900,039",0.965
26,6,2021,6/26/2021,1855861,0.582,841585,0.631,"76,600",0.68,"66,700",0.69,"13,520",0.841,"950,086",0.982
25,6,2021,6/25/2021,2587425,0.473,1214123,0.609,"126,700",0.42,"100,500",0.37,"22,400",0.803,"988,675",0.945
24,6,2021,6/24/2021,2557684,0.452,1248843,0.599,"121,500",0.42,"100,500",0.39,"22,842",0.771,"978,351",0.937
23,6,2021,6/23/2021,2552443,0.44,1264095,0.56,"121,900",0.43,"101,900",0.39,"24,223",0.788,"946,870",0.932
22,6,2021,6/22/2021,2359521,0.427,1172110,0.557,"116,200",0.4,"97,600",0.38,"22,293",0.747,"896,868",0.938
21,6,2021,6/21/2021,2268969,0.419,1191844,0.561,"123,900",0.43,"95,700",0.36,"20,512",0.755,"926,300",0.945
20,6,2021,6/20/2021,1389352,0.529,652557,0.581,"77,000",0.82,"60,900",0.76,"13,189",0.705,"951,631",0.983
19,6,2021,6/19/2021,1784312,0.541,841519,0.6,"76,500",0.68,"66,100",0.69,"13,949",0.802,"952,944",0.95
18,6,2021,6/18/2021,2576562,0.464,1235675,0.661,"122,800",0.41,"104,300",0.39,"22,491",0.788,"989,296",0.964
17,6,2021,6/17/2021,2557486,0.449,1281552,0.628,"121,600",0.42,"98,400",0.38,"23,292",0.778,"973,485",0.974
16,6,2021,6/16/2021,2524189,0.44,1288040,0.587,"119,200",0.42,"94,700",0.37,"24,788",0.794,"945,955",0.975
15,6,2021,6/15/2021,2474710,0.441,1277203,0.608,"117,600",0.41,"96,700",0.37,"23,460",0.778,"917,933",0.987
14,6,2021,6/14/2021,2227391,0.408,1176722,0.54,"115,300",0.4,"91,100",0.34,"21,568",0.792,"869,235",0.915
13,6,2021,6/13/2021,1379959,0.592,647385,0.618,"59,200",0.63,"51,700",0.64,"12,047",0.646,"887,098",0.952
12,6,2021,6/12/2021,1775538,0.555,849178,0.595,"68,200",0.6,"61,500",0.64,"14,450",0.805,"919,318",0.91
11,6,2021,6/11/2021,2472629,0.433,1221484,0.547,"118,300",0.39,"94,600",0.35,"23,324",0.807,"968,763",0.93
10,6,2021,6/10/2021,2478619,0.434,1276901,0.585,"113,200",0.39,"91,300",0.35,"23,498",0.796,"951,274",0.979
9,6,2021,6/9/2021,2390612,0.406,1259005,0.54,"107,900",0.38,"90,600",0.35,"23,868",0.745,"908,563",0.927
8,6,2021,6/8/2021,2270152,0.394,1175335,0.525,"108,300",0.38,"88,000",0.34,"22,948",0.781,"878,376",0.915
7,6,2021,6/7/2021,2227613,0.422,1200737,0.585,"112,100",0.39,"89,400",0.34,"21,511",0.826,"897,208",1.022
6,6,2021,6/6/2021,1363344,0.526,654780,0.603,"61,900",0.66,"51,500",0.64,"12,514",0.698,"921,829",1.034
5,6,2021,6/5/2021,1792204,0.548,874545,0.618,"72,800",0.65,"62,700",0.65,"14,636",0.819,"946,758",0.977
4,6,2021,6/4/2021,2314340,0.408,1160335,0.52,"104,600",0.35,"88,900",0.33,"22,743",0.787,"930,743",0.903
3,6,2021,6/3/2021,2238336,0.391,1143159,0.528,"102,800",0.36,"84,800",0.33,"23,026",0.772,"895,524",0.891
2,6,2021,6/2/2021,2348517,0.408,1249102,0.547,"112,500",0.39,"90,800",0.35,"24,325",0.787,"910,385",0.943
1,6,2021,6/1/2021,2263536,0.409,1230127,0.583,"114,800",0.4,"94,900",0.37,"22,308",0.753,"907,698",0.954
31,5,2021,5/31/2021,1391302,0.534,702801,0.61,"102,300",0.32,"63,000",0.22,"10,380",0.962,"756,187",0.791
30,5,2021,5/30/2021,1066132,0.421,484864,0.447,"43,400",0.45,"47,200",0.45,"10,028",0.555,"664,029",0.741
29,5,2021,5/29/2021,1371467,0.432,648192,0.456,"54,800",0.46,"71,700",0.48,"11,734",0.676,"744,860",0.771
28,5,2021,5/28/2021,2236646,0.388,1135369,0.513,"112,800",0.35,"89,300",0.31,"21,520",0.771,"931,760",0.888
27,5,2021,5/27/2021,2356638,0.41,1246269,0.57,"117,300",0.37,"90,600",0.32,"23,450",0.819,"970,920",0.995
26,5,2021,5/26/2021,2280311,0.4,1241052,0.563,"114,500",0.36,"86,700",0.3,"23,594",0.802,"921,084",0.972
25,5,2021,5/25/2021,2275628,0.419,1253998,0.576,"110,900",0.35,"85,900",0.3,"22,854",0.807,"902,577",0.975
24,5,2021,5/24/2021,2123129,0.383,1192453,0.536,"105,500",0.33,"80,800",0.28,"21,563",0.758,"869,940",1.105
23,5,2021,5/23/2021,1270286,0.499,645466,0.607,"58,000",0.59,"63,700",0.61,"11,765",0.638,"885,740",1.01
22,5,2021,5/22/2021,1647055,0.547,839877,0.63,"66,300",0.56,"94,500",0.63,"13,397",0.846,"911,148",1.009
21,5,2021,5/21/2021,2336140,0.431,1221591,0.555,"110,100",0.34,"90,900",0.32,"22,520",0.81,"965,528",0.919
20,5,2021,5/20/2021,2273912,0.4,1243965,0.568,"106,600",0.33,"82,700",0.29,"23,659",0.796,"931,659",0.919
19,5,2021,5/19/2021,2261916,0.384,1253578,0.539,"104,800",0.33,"82,700",0.29,"23,784",0.761,"915,644",0.923
18,5,2021,5/18/2021,2154370,0.368,1215676,0.524,"100,400",0.31,"80,300",0.28,"22,367",0.744,"838,307",0.865
17,5,2021,5/17/2021,2026574,0.363,1157960,0.51,"98,500",0.31,"77,300",0.27,"20,779",0.753,"810,018",0.838
16,5,2021,5/16/2021,1201918,0.458,621750,0.557,"49,200",0.5,"56,800",0.55,"11,062",0.592,"814,177",0.859
15,5,2021,5/15/2021,1637242,0.481,844096,0.592,"63,100",0.53,"91,100",0.6,"13,516",0.766,"891,574",0.896
14,5,2021,5/14/2021,2270937,0.396,1220112,0.545,"104,900",0.33,"85,700",0.3,"22,437",0.785,"947,064",0.898
13,5,2021,5/13/2021,2167164,0.366,1182347,0.508,"103,000",0.32,"80,000",0.28,"23,439",0.778,"918,259",0.9
12,5,2021,5/12/2021,2186470,0.371,1238990,0.526,"98,900",0.31,"77,900",0.27,"23,946",0.749,"887,381",0.907
11,5,2021,5/11/2021,2152549,0.373,1231886,0.533,"97,400",0.3,"75,400",0.26,"22,751",0.769,"873,176",0.931
10,5,2021,5/10/2021,1993889,0.366,1149109,0.541,"96,800",0.3,"73,300",0.26,"20,751",0.788,"844,563",0.933
9,5,2021,5/9/2021,1108734,0.535,576000,0.691,"54,100",0.55,"59,300",0.57,"13,897",0.709,"854,809",1.003
8,5,2021,5/8/2021,1444674,0.449,779188,0.543,"56,300",0.48,"78,700",0.52,"13,339",0.735,"854,156",0.861
7,5,2021,5/7/2021,2241860,0.398,1222741,0.541,"101,600",0.32,"83,100",0.29,"22,730",0.798,"936,747",0.919
6,5,2021,5/6/2021,2204111,0.374,1258536,0.532,"94,200",0.3,"76,000",0.27,"23,792",0.772,"905,604",0.917
5,5,2021,5/5/2021,2078394,0.354,1158445,0.484,"92,000",0.29,"70,300",0.25,"23,236",0.729,"841,968",0.875
4,5,2021,5/4/2021,2124252,0.365,1227250,0.519,"93,100",0.29,"72,300",0.25,"22,962",0.742,"851,039",0.909
3,5,2021,5/3/2021,1974754,0.35,1165505,0.511,"91,100",0.29,"67,100",0.23,"21,492",0.759,"828,506",0.893
2,5,2021,5/2/2021,1153471,0.495,620063,0.738,"41,800",0.43,"51,300",0.49,"11,541",0.659,"809,865",1.016
1,5,2021,5/1/2021,1515211,0.469,818655,0.59,"51,100",0.43,"76,300",0.51,"13,263",0.754,"849,633",0.909
30,4,2021,4/30/2021,2163175,0.377,1185321,0.531,"93,500",0.3,"77,700",0.27,"22,322",0.778,"922,720",0.913
29,4,2021,4/29/2021,2032405,0.345,1166096,0.497,"88,700",0.29,"69,000",0.24,"22,201",0.749,"873,037",0.888
28,4,2021,4/28/2021,2139820,0.368,1227777,0.522,"92,100",0.3,"72,900",0.25,"24,411",0.792,"888,723",0.933
27,4,2021,4/27/2021,2045718,0.355,1198299,0.524,"89,000",0.29,"69,300",0.24,"22,603",0.763,"839,788",0.904
26,4,2021,4/26/2021,1959131,0.352,1156913,0.515,"89,300",0.29,"68,600",0.24,"21,083",0.774,"826,605",0.913
25,4,2021,4/25/2021,985027,0.407,540989,0.545,"34,100",0.37,"37,100",0.36,"9,777",0.56,"695,863",0.831
24,4,2021,4/24/2021,1520057,0.465,809163,0.605,"51,600",0.45,"78,900",0.53,"13,351",0.814,"854,964",0.927
23,4,2021,4/23/2021,2125087,0.421,1184193,0.677,"92,800",0.3,"76,100",0.27,"22,035",0.868,"920,588",1.02
22,4,2021,4/22/2021,2044069,0.374,1166357,0.59,"86,600",0.28,"67,600",0.24,"21,832",0.78,"871,573",0.925
21,4,2021,4/21/2021,1969710,0.362,1139762,0.565,"83,500",0.27,"66,000",0.23,"22,379",0.763,"828,447",0.88
20,4,2021,4/20/2021,2086630,0.384,1223642,0.604,"90,000",0.29,"72,000",0.25,"23,528",0.85,"860,511",0.924
19,4,2021,4/19/2021,1914960,0.387,1147977,0.632,"87,200",0.28,"67,400",0.23,"21,274",0.891,"816,540",0.888
18,4,2021,4/18/2021,1082503,0.437,607333,0.614,"38,300",0.42,"48,200",0.47,"10,865",0.583,"753,446",0.856
17,4,2021,4/17/2021,1425036,0.434,803352,0.573,"49,900",0.44,"72,600",0.49,"13,313",0.754,"813,162",0.963
16,4,2021,4/16/2021,2082447,0.364,1157507,0.518,"87,200",0.28,"73,600",0.26,"21,632",0.743,"889,711",0.922
15,4,2021,4/15/2021,1910326,0.324,1083083,0.481,"81,800",0.26,"63,800",0.22,"21,198",0.715,"822,207",0.822
14,4,2021,4/14/2021,2021936,0.338,1199954,0.513,"86,700",0.28,"69,900",0.24,"23,462",0.747,"852,606",0.881
13,4,2021,4/13/2021,2016030,0.34,1196355,0.509,"87,200",0.28,"67,600",0.24,"22,728",0.755,"832,482",0.88
12,4,2021,4/12/2021,1849254,0.333,1087799,0.496,"83,100",0.27,"63,900",0.22,"21,192",0.758,"793,402",0.873
11,4,2021,4/11/2021,900666,0.364,504407,0.51,"32,000",0.35,"35,600",0.35,"9,742",0.523,"666,435",0.782
10,4,2021,4/10/2021,1392745,0.424,790023,0.564,"46,000",0.4,"66,800",0.45,"12,713",0.72,"822,112",0.868
9,4,2021,4/9/2021,2030410,0.355,1144311,0.512,"87,100",0.28,"71,000",0.25,"21,978",0.755,"895,229",0.894
8,4,2021,4/8/2021,2017306,0.346,1177833,0.503,"86,700",0.28,"68,000",0.24,"22,579",0.719,"877,834",0.903
7,4,2021,4/7/2021,1989179,0.339,1172362,0.499,"85,500",0.28,"66,700",0.23,"23,469",0.734,"858,593",0.903
6,4,2021,4/6/2021,1946071,0.338,1155101,0.499,"85,800",0.28,"66,200",0.23,"21,695",0.717,"840,351",0.919
5,4,2021,4/5/2021,1822134,0.328,1088750,0.476,"87,000",0.28,"67,700",0.24,"19,970",0.705,"832,239",0.914
4,4,2021,4/4/2021,951260,0.406,519812,0.522,"40,900",0.45,"47,700",0.46,"11,632",0.601,"749,910",0.839
3,4,2021,4/3/2021,1319964,0.466,750682,0.628,"47,700",0.42,"68,800",0.46,"12,735",0.861,"779,701",0.832
2,4,2021,4/2/2021,1760768,0.37,958085,0.543,"79,800",0.26,"66,800",0.23,"18,839",0.77,"845,252",0.868
1,4,2021,4/1/2021,1845249,0.312,1030209,0.436,"77,300",0.25,"55,500",0.19,"20,490",0.652,"856,466",0.878
31,3,2021,3/31/2021,1812072,0.308,995873,0.419,"84,900",0.27,"61,600",0.22,"20,374",0.631,"833,052",0.892
30,3,2021,3/30/2021,1885343,0.327,1079381,0.46,"91,300",0.29,"65,600",0.24,"21,019",0.703,"842,154",0.929
29,3,2021,3/29/2021,1745540,0.314,1002597,0.437,"86,500",0.28,"62,400",0.23,"18,543",0.65,"763,647",0.851
28,3,2021,3/28/2021,807247,0.357,459949,0.465,"28,300",0.33,"29,900",0.32,"9,104",0.522,"601,860",0.737
27,3,2021,3/27/2021,1374266,0.423,781981,0.559,"47,500",0.44,"63,600",0.47,"12,900",0.747,"841,595",0.906
26,3,2021,3/26/2021,1941782,0.347,1091753,0.49,"84,400",0.27,"64,500",0.23,"20,805",0.727,"865,970",0.878
25,3,2021,3/25/2021,1929515,0.333,1127964,0.484,"83,600",0.27,"61,200",0.22,"21,763",0.713,"847,633",0.876
24,3,2021,3/24/2021,1831662,0.32,1075968,0.466,"79,600",0.25,"56,500",0.2,"21,651",0.688,"794,315",0.858
23,3,2021,3/23/2021,1883301,0.331,1133504,0.483,"83,100",0.27,"58,700",0.21,"21,590",0.712,"810,243",0.895
22,3,2021,3/22/2021,1805084,0.333,1095241,0.485,"84,200",0.27,"61,100",0.22,"20,427",0.717,"788,542",0.887
21,3,2021,3/21/2021,1013386,0.419,579358,0.538,"34,700",0.4,"37,600",0.4,"10,358",0.561,"735,673",0.844
20,3,2021,3/20/2021,1307403,0.432,768908,0.579,"41,700",0.39,"54,900",0.4,"12,558",0.761,"787,777",0.89
19,3,2021,3/19/2021,1910080,0.347,1083647,0.506,"80,000",0.26,"60,700",0.22,"20,357",0.724,"863,187",0.896
18,3,2021,3/18/2021,1774375,0.319,1019472,0.467,"76,500",0.24,"55,400",0.2,"20,264",0.693,"799,478",0.87
17,3,2021,3/17/2021,1869879,0.328,1103979,0.471,"81,400",0.26,"58,400",0.21,"22,323",0.7,"808,876",0.876
16,3,2021,3/16/2021,1801682,0.32,1062179,0.456,"77,700",0.25,"56,400",0.2,"20,903",0.683,"786,996",0.866
15,3,2021,3/15/2021,1733288,0.321,1023990,0.455,"79,300",0.25,"55,800",0.2,"19,986",0.714,"774,146",0.867
14,3,2021,3/14/2021,923968,0.379,531754,0.516,"30,400",0.35,"31,800",0.34,"9,732",0.533,"673,170",0.798
13,3,2021,3/13/2021,1257372,0.394,730218,0.539,"38,500",0.36,"52,300",0.39,"11,932",0.705,"776,744",0.858
12,3,2021,3/12/2021,1917972,0.34,1092388,0.49,"82,400",0.26,"63,200",0.23,"21,724",0.748,"873,014",0.875
11,3,2021,3/11/2021,1885584,0.324,1107502,0.47,"80,400",0.26,"59,000",0.21,"22,617",0.723,"836,773",0.867
10,3,2021,3/10/2021,1852702,0.32,1104610,0.47,"78,100",0.25,"58,100",0.21,"22,774",0.711,"804,700",0.866
9,3,2021,3/9/2021,1837670,0.319,1101988,0.473,"79,300",0.25,"57,700",0.21,"22,200",0.724,"791,512",0.872
8,3,2021,3/8/2021,1722930,0.31,1039763,0.454,"79,400",0.25,"56,100",0.2,"20,685",0.718,"767,707",0.85
7,3,2021,3/7/2021,894177,0.423,525930,0.586,"29,300",0.34,"30,700",0.33,"9,843",0.573,"662,461",0.861
6,3,2021,3/6/2021,1167887,0.375,696719,0.51,"37,200",0.34,"45,300",0.33,"11,951",0.684,"728,236",0.813
5,3,2021,3/5/2021,1829185,0.322,1041408,0.469,"79,100",0.25,"58,600",0.21,"21,842",0.753,"846,071",0.859
4,3,2021,3/4/2021,1812200,0.314,1078036,0.476,"78,600",0.25,"55,100",0.2,"21,727",0.7,"807,284",0.861
3,3,2021,3/3/2021,1850000,0.325,1119137,0.5,"78,800",0.25,"55,500",0.2,"22,823",0.724,"798,577",0.881
2,3,2021,3/2/2021,1752983,0.306,1024511,0.447,"75,300",0.24,"51,600",0.19,"20,640",0.673,"763,489",0.851
1,3,2021,3/1/2021,1699607,0.394,1020837,0.645,"74,400",0.24,"51,300",0.19,"20,359",0.86,"747,909",1.09
28,2,2021,2/28/2021,811043,0.361,491545,0.502,"23,800",0.3,"27,700",0.3,"8,910",0.531,"619,960",0.788
27,2,2021,2/27/2021,1074256,0.377,635820,0.508,"28,800",0.29,"38,900",0.3,"11,319",0.627,"681,969",0.81
26,2,2021,2/26/2021,1826171,0.331,1065376,0.495,"76,700",0.25,"56,500",0.21,"21,911",0.687,"851,052",0.885
25,2,2021,2/25/2021,1801708,0.317,1069420,0.482,"75,000",0.25,"53,400",0.2,"22,138",0.68,"814,611",0.879
24,2,2021,2/24/2021,1809852,0.322,1099351,0.489,"74,800",0.24,"53,500",0.2,"23,223",0.695,"797,488",0.897
23,2,2021,2/23/2021,1733604,0.311,1040398,0.468,"73,500",0.24,"51,600",0.19,"20,852",0.65,"759,850",0.87
22,2,2021,2/22/2021,1585133,0.293,927414,0.417,"69,700",0.23,"48,900",0.18,"19,015",0.628,"691,608",0.804
21,2,2021,2/21/2021,837051,0.368,516715,0.511,"25,200",0.32,"27,300",0.3,"9,195",0.458,"605,395",0.761
20,2,2021,2/20/2021,1111970,0.38,679240,0.539,"30,900",0.31,"41,200",0.31,"10,578",0.602,"657,045",0.79
19,2,2021,2/19/2021,1568728,0.303,809308,0.43,"64,100",0.21,"48,700",0.18,"14,172",0.475,"608,152",0.654
18,2,2021,2/18/2021,1384407,0.258,725951,0.365,"58,000",0.19,"43,000",0.16,"15,843",0.502,"456,327",0.503
17,2,2021,2/17/2021,1736509,0.324,1061711,0.522,"74,200",0.24,"53,700",0.2,"22,336",0.68,"821,333",0.931
16,2,2021,2/16/2021,1630739,0.317,963223,0.496,"72,700",0.24,"49,900",0.19,"19,126",0.615,"726,224",0.847
15,2,2021,2/15/2021,1220357,0.381,726412,0.533,"65,700",0.21,"30,000",0.33,"11,437",0.7,"641,883",0.812
14,2,2021,2/14/2021,858877,0.368,479319,0.494,"23,400",0.29,"28,200",0.31,"7,835",0.405,"551,288",0.728
13,2,2021,2/13/2021,1093261,0.393,656637,0.579,"29,300",0.3,"40,800",0.31,"11,669",0.71,"666,722",0.81
12,2,2021,2/12/2021,1709253,0.308,965421,0.458,"72,100",0.24,"53,700",0.2,"20,165",0.652,"803,912",0.822
11,2,2021,2/11/2021,1717804,0.303,1005348,0.455,"70,200",0.23,"50,500",0.19,"20,144",0.612,"755,367",0.825
10,2,2021,2/10/2021,1753405,0.315,1052021,0.464,"71,300",0.23,"50,100",0.19,"22,169",0.648,"769,088",0.874
9,2,2021,2/9/2021,1669590,0.298,992290,0.445,"69,500",0.23,"47,600",0.18,"19,386",0.59,"682,085",0.792
8,2,2021,2/8/2021,1642828,0.305,964007,0.449,"71,000",0.23,"50,900",0.19,"17,786",0.591,"701,146",0.829
7,2,2021,2/7/2021,653257,0.29,367095,0.37,"17,100",0.22,"19,400",0.21,"7,115",0.363,"340,122",0.444
6,2,2021,2/6/2021,1149757,0.386,715717,0.557,"29,200",0.3,"40,300",0.31,"12,020",0.664,"689,415",0.83
5,2,2021,2/5/2021,1744130,0.316,1001775,0.475,"68,900",0.23,"51,300",0.19,"20,136",0.654,"766,091",0.837
4,2,2021,2/4/2021,1789214,0.316,1033791,0.472,"71,300",0.23,"51,000",0.19,"20,328",0.633,"742,193",0.839
3,2,2021,2/3/2021,1705655,0.3,949695,0.415,"69,100",0.23,"49,700",0.18,"16,869",0.501,"656,614",0.749
2,2,2021,2/2/2021,1007502,0.18,543073,0.24,"22,800",0.07,"30,600",0.11,"8,155",0.252,"311,607",0.364
1,2,2021,2/1/2021,584184,0.109,337228,0.154,"8,600",0.03,"16,700",0.06,"12,202",0.405,"156,759",0.183
31,1,2021,1/31/2021,723473,0.323,427945,0.441,"23,100",0.28,"28,400",0.26,"8,616",0.436,"573,512",0.815
30,1,2021,1/30/2021,943426,0.328,566837,0.453,"26,600",0.27,"40,800",0.26,"10,284",0.609,"652,550",0.826
29,1,2021,1/29/2021,1514326,0.28,812264,0.383,"65,100",0.22,"49,700",0.18,"19,047",0.611,"780,131",0.836
28,1,2021,1/28/2021,1650014,0.292,950205,0.432,"70,000",0.23,"52,000",0.19,"20,139",0.638,"768,600",0.891
27,1,2021,1/27/2021,1663376,0.295,1004792,0.451,"70,400",0.23,"50,500",0.18,"19,841",0.609,"740,154",0.848
26,1,2021,1/26/2021,1553918,0.278,911579,0.408,"68,200",0.23,"49,300",0.18,"18,115",0.574,"653,068",0.764
25,1,2021,1/25/2021,1595694,0.304,978987,0.467,"73,100",0.24,"52,100",0.19,"19,991",0.675,"727,393",0.862
24,1,2021,1/24/2021,741960,0.318,458203,0.457,"24,000",0.29,"29,000",0.27,"8,317",0.45,"560,522",0.733
23,1,2021,1/23/2021,998665,0.383,619673,0.601,"27,900",0.29,"42,700",0.27,"10,536",0.657,"640,381",0.86
22,1,2021,1/22/2021,1675175,0.314,1018584,0.492,"71,300",0.24,"54,000",0.19,"20,375",0.669,"787,474",0.848
21,1,2021,1/21/2021,1656100,0.304,1007042,0.473,"71,200",0.24,"52,000",0.19,"19,925",0.628,"760,221",0.854
20,1,2021,1/20/2021,1578038,0.291,921371,0.432,"67,900",0.22,"50,000",0.18,"19,281",0.592,"712,711",0.822
19,1,2021,1/19/2021,1639243,0.308,1013616,0.488,"72,600",0.24,"52,600",0.19,"21,049",0.672,"736,254",0.851
18,1,2021,1/18/2021,1279119,0.401,766926,0.588,"68,700",0.23,"31,900",0.11,"14,124",0.903,"689,251",0.865
17,1,2021,1/17/2021,798564,0.35,504031,0.534,"24,200",0.29,"32,900",0.31,"9,880",0.581,"580,771",0.827
16,1,2021,1/16/2021,992599,0.383,645625,0.636,"27,100",0.28,"43,400",0.28,"11,654",0.826,"631,135",0.981
15,1,2021,1/15/2021,1630098,0.305,981817,0.483,"70,200",0.23,"54,000",0.19,"21,819",0.716,"788,779",0.828
14,1,2021,1/14/2021,1650630,0.299,1017757,0.473,"70,900",0.23,"52,500",0.19,"21,950",0.691,"754,071",0.833
13,1,2021,1/13/2021,1644812,0.298,996646,0.447,"70,600",0.23,"51,700",0.19,"22,720",0.683,"737,859",0.833
12,1,2021,1/12/2021,1643725,0.303,997279,0.459,"71,400",0.24,"52,100",0.19,"21,623",0.674,"730,831",0.849
11,1,2021,1/11/2021,1571330,0.301,966517,0.446,"72,300",0.24,"51,400",0.18,"21,089",0.705,"708,058",0.836
10,1,2021,1/10/2021,763690,0.333,501437,0.504,"23,800",0.29,"29,300",0.27,"9,467",0.489,"564,543",0.746
9,1,2021,1/9/2021,991218,0.33,643475,0.494,"27,000",0.28,"42,900",0.27,"12,023",0.656,"630,790",0.76
8,1,2021,1/8/2021,1622259,0.297,982175,0.46,"68,600",0.23,"51,500",0.18,"21,641",0.701,"754,548",0.826
7,1,2021,1/7/2021,1614248,0.295,989097,0.468,"69,700",0.23,"51,000",0.18,"21,571",0.684,"736,609",0.83
6,1,2021,1/6/2021,1616889,0.297,996123,0.465,"70,300",0.23,"50,800",0.18,"22,795",0.709,"726,679",0.852
5,1,2021,1/5/2021,1600910,0.296,990479,0.46,"70,400",0.23,"51,000",0.18,"21,641",0.685,"708,610",0.842
4,1,2021,1/4/2021,1561237,0.298,964597,0.461,"71,100",0.23,"50,900",0.18,"20,612",0.692,"688,045",0.827
3,1,2021,1/3/2021,653915,0.287,413820,0.439,"20,800",0.25,"25,200",0.23,"9,745",0.523,"496,494",0.706
2,1,2021,1/2/2021,989612,0.352,608686,0.513,"28,900",0.29,"44,500",0.28,"10,450",0.654,"624,765",0.845
1,1,2021,1/1/2021,614497,0.266,378288,0.5,"29,000",0.1,"8,200",0.08,"5,960",0.698,"445,950",0.538
31,12,2020,12/31/2020,1277146,0.32,780869,0.49,"75,200",0.24,"21,600",0.2,"17,167",0.689,"704,297",0.86
30,12,2020,12/30/2020,1585476,0.366,935138,0.609,"79,300",0.25,"58,000",0.21,"20,922",0.85,"799,839",1.197
29,12,2020,12/29/2020,1558295,0.36,918291,0.598,"78,900",0.25,"56,200",0.2,"19,717",0.801,"759,864",0.959
28,12,2020,12/28/2020,1513195,0.349,902574,0.588,"81,600",0.26,"58,500",0.21,"18,820",0.765,"743,305",0.909
27,12,2020,12/27/2020,761251,0.302,469973,0.499,"34,400",0.32,"33,200",0.31,"9,457",0.527,"594,862",0.761
26,12,2020,12/26/2020,880184,0.282,555857,0.46,"36,000",0.28,"42,400",0.27,"9,094",0.599,"593,895",0.697
25,12,2020,12/25/2020,485839,0.279,312707,0.468,"51,300",0.16,"7,300",0.07,"8,611",0.582,"476,547",0.535
24,12,2020,12/24/2020,1314656,0.36,813353,0.533,"75,800",0.24,"54,600",0.2,"15,928",0.717,"760,624",0.896
23,12,2020,12/23/2020,1775738,0.374,1033609,0.565,"84,400",0.27,"59,700",0.21,"23,305",0.863,"864,271",1.129
22,12,2020,12/22/2020,1764202,0.372,1031789,0.564,"82,000",0.26,"56,400",0.2,"22,820",0.845,"814,975",0.901
21,12,2020,12/21/2020,1719279,0.362,1011638,0.553,"81,200",0.26,"56,800",0.2,"21,647",0.802,"777,049",0.839
20,12,2020,12/20/2020,822001,0.308,516601,0.495,"32,600",0.31,"30,500",0.28,"9,585",0.483,"555,254",0.662
19,12,2020,12/19/2020,1112852,0.35,669751,0.529,"41,100",0.32,"46,600",0.3,"11,589",0.665,"651,814",0.718
18,12,2020,12/18/2020,1738727,0.307,938457,0.452,"74,900",0.24,"54,400",0.19,"17,537",0.562,"736,356",0.742
17,12,2020,12/17/2020,1081431,0.188,525802,0.257,"21,400",0.07,"17,600",0.06,"9,940",0.312,"297,298",0.305
16,12,2020,12/16/2020,1571978,0.265,854245,0.387,"68,100",0.22,"47,600",0.17,"19,296",0.575,"625,006",0.662
15,12,2020,12/15/2020,1786741,0.314,1076717,0.527,"78,400",0.25,"54,600",0.2,"23,432",0.742,"819,063",0.946
14,12,2020,12/14/2020,1587068,0.277,950309,0.436,"75,000",0.24,"51,500",0.18,"21,333",0.706,"723,908",0.799
13,12,2020,12/13/2020,911519,0.324,579527,0.55,"39,300",0.37,"36,800",0.34,"10,208",0.517,"659,446",0.784
12,12,2020,12/12/2020,1091372,0.316,704357,0.549,"41,800",0.33,"46,400",0.3,"12,307",0.692,"671,668",0.762
11,12,2020,12/11/2020,1789568,0.302,1053576,0.499,"79,700",0.25,"55,900",0.2,"22,751",0.742,"821,871",0.839
10,12,2020,12/10/2020,1764682,0.29,1066582,0.477,"76,800",0.24,"52,800",0.19,"22,845",0.7,"784,406",0.801
9,12,2020,12/9/2020,1705159,0.287,1017090,0.46,"74,700",0.24,"50,900",0.18,"22,459",0.723,"749,886",0.85
8,12,2020,12/8/2020,1544078,0.26,1029646,0.46,"75,000",0.24,"51,900",0.19,"22,177",0.678,"744,112",0.818
7,12,2020,12/7/2020,1659836,0.295,1018044,0.495,"77,800",0.25,"52,600",0.19,"21,424",0.717,"729,674",0.833
6,12,2020,12/6/2020,879278,0.329,545433,0.527,"35,100",0.33,"31,900",0.3,"9,904",0.505,"590,525",0.715
5,12,2020,12/5/2020,1001236,0.284,619735,0.469,"33,500",0.26,"37,900",0.24,"10,151",0.548,"572,557",0.639
4,12,2020,12/4/2020,1704749,0.286,1012813,0.46,"72,100",0.23,"51,700",0.19,"21,960",0.709,"775,709",0.793
3,12,2020,12/3/2020,1739370,0.287,1056963,0.463,"75,100",0.24,"52,000",0.19,"22,941",0.698,"767,310",0.795
2,12,2020,12/2/2020,1703245,0.285,1018368,0.445,"73,600",0.23,"50,500",0.18,"22,712",0.673,"746,840",0.802
1,12,2020,12/1/2020,1709780,0.293,1051162,0.471,"73,600",0.23,"50,200",0.18,"21,693",0.717,"752,069",0.839
30,11,2020,11/30/2020,1462166,0.277,819615,0.418,"80,000",0.24,"54,200",0.19,"19,751",0.753,"652,664",0.854
29,11,2020,11/29/2020,827800,0.407,545820,0.666,"32,600",0.35,"34,400",0.33,"9,360",0.623,"631,799",0.869
28,11,2020,11/28/2020,1034026,0.371,684962,0.559,"37,800",0.33,"45,600",0.3,"10,808",0.757,"649,087",0.719
27,11,2020,11/27/2020,1265519,0.363,812188,0.573,"77,300",0.24,"12,300",0.12,"12,395",0.83,"671,214",0.836
26,11,2020,11/26/2020,653123,0.308,443386,0.543,"72,600",0.22,"10,700",0.1,"12,151",0.568,"564,193",0.625
25,11,2020,11/25/2020,1691393,0.32,1032401,0.482,"93,400",0.28,"67,200",0.23,"21,450",0.779,"853,222",0.864
24,11,2020,11/24/2020,1739107,0.298,1064087,0.462,"89,800",0.27,"61,100",0.21,"22,814",0.716,"821,450",0.823
23,11,2020,11/23/2020,1649748,0.288,1002977,0.441,"87,700",0.27,"59,500",0.21,"21,297",0.712,"755,375",0.834
22,11,2020,11/22/2020,818055,0.363,543514,0.583,"31,000",0.33,"31,900",0.31,"10,694",0.59,"598,349",0.792
21,11,2020,11/21/2020,1157976,0.363,750818,0.553,"39,200",0.34,"51,200",0.34,"13,193",0.776,"742,369",0.828
20,11,2020,11/20/2020,1803896,0.311,1073124,0.49,"87,400",0.27,"60,400",0.21,"22,945",0.754,"843,069",0.862
19,11,2020,11/19/2020,1761064,0.293,1058467,0.454,"84,700",0.26,"57,800",0.2,"21,780",0.672,"800,461",0.833
18,11,2020,11/18/2020,1791183,0.302,1072627,0.461,"84,100",0.26,"57,700",0.2,"23,390",0.698,"776,422",0.837
17,11,2020,11/17/2020,1792431,0.304,1094353,0.471,"87,000",0.26,"58,600",0.2,"22,524",0.69,"764,725",0.841
16,11,2020,11/16/2020,1745282,0.311,1051458,0.484,"89,500",0.27,"61,400",0.21,"21,851",0.735,"757,988",0.859
15,11,2020,11/15/2020,821555,0.337,524515,0.519,"30,900",0.33,"32,900",0.32,"9,763",0.515,"596,389",0.727
14,11,2020,11/14/2020,1215491,0.376,755714,0.574,"41,400",0.36,"58,000",0.38,"12,928",0.74,"735,029",0.814
13,11,2020,11/13/2020,1820025,0.31,1061880,0.476,"86,300",0.26,"61,000",0.21,"22,054",0.704,"821,059",0.829
12,11,2020,11/12/2020,1780212,0.3,1058761,0.462,"86,200",0.26,"58,200",0.2,"22,059",0.674,"779,141",0.812
11,11,2020,11/11/2020,1617862,0.337,968853,0.534,"83,300",0.25,"21,200",0.2,"20,263",0.917,"713,640",0.778
10,11,2020,11/10/2020,1840750,0.316,1146090,0.522,"91,500",0.28,"63,000",0.22,"23,138",0.717,"800,965",0.902
9,11,2020,11/9/2020,1756175,0.302,1099361,0.501,"91,700",0.28,"62,400",0.22,"21,444",0.679,"773,217",0.91
8,11,2020,11/8/2020,928516,0.369,584868,0.556,"38,500",0.41,"44,000",0.42,"10,474",0.54,"726,041",0.846
7,11,2020,11/7/2020,1246356,0.385,749502,0.573,"46,400",0.4,"66,300",0.44,"13,409",0.756,"790,712",0.865
6,11,2020,11/6/2020,1840860,0.314,1114000,0.51,"89,500",0.27,"65,000",0.23,"22,659",0.765,"858,167",0.875
5,11,2020,11/5/2020,1797589,0.298,1125820,0.481,"87,000",0.26,"59,900",0.21,"22,937",0.711,"818,991",0.858
4,11,2020,11/4/2020,1693937,0.281,1083036,0.455,"81,600",0.25,"56,400",0.2,"22,174",0.666,"754,704",0.806
3,11,2020,11/3/2020,1606096,0.29,1017551,0.484,"82,100",0.25,"58,100",0.2,"20,416",0.67,"720,562",0.808
2,11,2020,11/2/2020,1751443,0.301,1064298,0.46,"87,200",0.27,"59,400",0.21,"21,127",0.701,"772,129",0.84
1,11,2020,11/1/2020,786678,0.273,510667,0.515,"29,500",0.31,"35,500",0.34,"10,180",0.602,"660,915",0.851
31,10,2020,10/31/2020,1174079,0.35,724129,0.522,"41,500",0.37,"63,600",0.42,"12,816",0.703,"743,811",0.803
30,10,2020,10/30/2020,1771288,0.297,1004498,0.444,"84,300",0.27,"65,900",0.23,"21,243",0.702,"824,680",0.832
29,10,2020,10/29/2020,1708611,0.296,974119,0.448,"81,800",0.26,"60,300",0.21,"20,925",0.721,"776,467",0.876
28,10,2020,10/28/2020,1823028,0.303,1109591,0.47,"86,700",0.28,"64,000",0.22,"23,258",0.725,"801,966",0.866
27,10,2020,10/27/2020,1818884,0.304,1138746,0.49,"87,400",0.28,"64,400",0.22,"21,870",0.703,"789,371",0.864
26,10,2020,10/26/2020,1694080,0.294,1058119,0.456,"86,700",0.28,"64,800",0.22,"20,817",0.72,"760,604",0.832
25,10,2020,10/25/2020,885001,0.402,576930,0.662,"33,700",0.37,"45,000",0.43,"10,074",0.588,"725,809",0.934
24,10,2020,10/24/2020,1185612,0.355,780710,0.558,"43,600",0.38,"72,200",0.47,"12,916",0.724,"805,454",0.846
23,10,2020,10/23/2020,1846268,0.312,1128035,0.492,"89,900",0.29,"71,100",0.24,"21,766",0.722,"881,995",0.876
22,10,2020,10/22/2020,1829135,0.299,1146065,0.481,"88,700",0.28,"67,000",0.23,"22,391",0.697,"845,064",0.858
21,10,2020,10/21/2020,1816797,0.3,1147375,0.478,"86,200",0.27,"65,200",0.22,"22,959",0.701,"806,738",0.854
20,10,2020,10/20/2020,1784090,0.307,1127897,0.498,"86,600",0.28,"63,500",0.22,"21,936",0.731,"790,018",0.903
19,10,2020,10/19/2020,1722723,0.304,1104658,0.482,"89,200",0.28,"66,000",0.23,"20,812",0.757,"782,239",0.895
18,10,2020,10/18/2020,897886,0.369,585376,0.598,"34,700",0.38,"48,700",0.46,"9,998",0.537,"752,262",0.902
17,10,2020,10/17/2020,1211061,0.36,780003,0.564,"43,800",0.39,"70,500",0.46,"11,831",0.67,"794,520",0.833
16,10,2020,10/16/2020,1674686,0.279,986166,0.432,"83,800",0.27,"64,900",0.22,"20,776",0.69,"820,106",0.797
15,10,2020,10/15/2020,1857822,0.305,1154164,0.498,"90,300",0.29,"67,700",0.23,"22,834",0.728,"866,245",0.893
14,10,2020,10/14/2020,1842638,0.315,1161893,0.529,"89,200",0.28,"66,700",0.23,"23,169",0.745,"824,529",0.907
13,10,2020,10/13/2020,1718853,0.292,1067179,0.454,"76,600",0.24,"62,700",0.22,"20,909",0.69,"765,671",0.837
12,10,2020,10/12/2020,1286892,0.302,770512,0.471,"76,800",0.24,"59,300",0.2,"15,722",0.826,"685,982",0.804
11,10,2020,10/11/2020,849518,0.319,564046,0.523,"34,600",0.38,"45,700",0.43,"9,470",0.512,"692,669",0.774
10,10,2020,10/10/2020,1171657,0.359,770914,0.559,"44,500",0.39,"77,300",0.51,"12,627",0.722,"823,775",0.876
9,10,2020,10/9/2020,1811779,0.309,1114870,0.489,"78,700",0.25,"72,400",0.25,"21,274",0.713,"896,404",0.869
8,10,2020,10/8/2020,1801918,0.298,1128062,0.475,"88,000",0.28,"65,600",0.23,"21,964",0.698,"845,788",0.87
7,10,2020,10/7/2020,1774408,0.363,1124542,0.613,"87,100",0.28,"64,300",0.22,"23,027",0.823,"814,866",1
6,10,2020,10/6/2020,1762320,0.308,1133242,0.491,"87,700",0.28,"65,100",0.22,"21,475",0.706,"802,900",0.914
5,10,2020,10/5/2020,1682379,0.294,1092193,0.465,"88,700",0.28,"62,900",0.22,"19,971",0.685,"783,540",0.867
4,10,2020,10/4/2020,853591,0.339,566754,0.527,"35,000",0.38,"43,900",0.42,"10,010",0.52,"706,562",0.812
3,10,2020,10/3/2020,1168073,0.35,773305,0.549,"45,000",0.4,"68,900",0.45,"12,759",0.72,"810,626",0.866
2,10,2020,10/2/2020,1794201,0.299,1109459,0.475,"87,300",0.28,"67,100",0.23,"21,626",0.724,"891,268",0.887
1,10,2020,10/1/2020,1813961,0.301,1150563,0.498,"86,100",0.27,"62,100",0.21,"22,309",0.706,"870,606",0.929
30,9,2020,9/30/2020,1744524,0.293,1077000,0.45,"89,200",0.27,"61,500",0.21,"21,424",0.69,"822,683",0.889
29,9,2020,9/29/2020,1664896,0.321,1023100,0.5,"88,400",0.27,"59,700",0.21,"20,517",0.736,"790,861",0.905
28,9,2020,9/28/2020,1492611,0.313,955300,0.5,"89,700",0.27,"63,800",0.22,"17,678",0.741,"753,159",0.867
27,9,2020,9/27/2020,846184,0.333,586900,0.54,"40,000",0.4,"45,200",0.43,"9,491",0.507,"731,091",0.796
26,9,2020,9/26/2020,1120175,0.349,756300,0.54,"47,200",0.4,"66,800",0.44,"12,128",0.712,"824,515",0.849
25,9,2020,9/25/2020,1765299,0.3,1077600,0.47,"92,500",0.28,"67,900",0.24,"21,233",0.741,"912,599",0.893
24,9,2020,9/24/2020,1726180,0.285,1070500,0.45,"89,100",0.27,"62,400",0.22,"21,554",0.704,"857,578",0.881
23,9,2020,9/23/2020,1739043,0.287,1093600,0.45,"89,000",0.27,"62,300",0.22,"22,501",0.708,"834,469",0.88
22,9,2020,9/22/2020,1702325,0.283,1061900,0.45,"87,400",0.27,"61,000",0.21,"21,103",0.702,"808,351",0.876
21,9,2020,9/21/2020,1627636,0.283,1021200,0.44,"89,700",0.27,"61,800",0.21,"19,488",0.695,"788,505",0.854
20,9,2020,9/20/2020,828365,0.317,585500,0.52,"39,000",0.39,"41,800",0.4,"9,269",0.495,"705,596",0.755
19,9,2020,9/19/2020,1137948,0.342,761600,0.53,"46,800",0.4,"64,600",0.42,"12,246",0.693,"802,614",0.825
18,9,2020,9/18/2020,1728810,0.289,1074200,0.46,"90,700",0.28,"65,700",0.23,"20,702",0.717,"894,931",0.882
17,9,2020,9/17/2020,1695985,0.281,1060400,0.44,"86,900",0.27,"61,500",0.21,"21,005",0.678,"848,024",0.865
16,9,2020,9/16/2020,1690405,0.282,1075300,0.44,"87,000",0.27,"60,700",0.21,"22,070",0.687,"816,708",0.864
15,9,2020,9/15/2020,1681774,0.282,1087600,0.45,"87,000",0.27,"60,800",0.21,"20,763",0.676,"815,700",0.876
14,9,2020,9/14/2020,1607896,0.283,1044500,0.44,"89,500",0.27,"60,900",0.21,"19,888",0.704,"799,573",0.861
13,9,2020,9/13/2020,796744,0.311,577400,0.52,"36,700",0.37,"38,100",0.36,"9,315",0.504,"703,809",0.765
12,9,2020,9/12/2020,1083727,0.346,759700,0.55,"44,500",0.38,"60,500",0.4,"12,349",0.731,"800,190",0.852
11,9,2020,9/11/2020,1693776,0.288,1072600,0.46,"88,600",0.27,"65,100",0.23,"20,809",0.706,"895,766",0.881
10,9,2020,9/10/2020,1547065,0.26,989000,0.41,"82,100",0.25,"57,100",0.2,"20,181",0.649,"801,431",0.825
9,9,2020,9/9/2020,1613662,0.271,1081700,0.44,"86,100",0.26,"61,500",0.21,"21,801",0.691,"825,412",0.881
8,9,2020,9/8/2020,1559312,0.264,1032900,0.43,"90,600",0.28,"63,300",0.22,"19,806",0.638,"833,996",0.899
7,9,2020,9/7/2020,872174,0.391,650300,0.69,"80,000",0.24,"40,300",0.14,"9,261",0.97,"697,865",0.76
6,9,2020,9/6/2020,819600,0.326,580400,0.53,"44,700",0.45,"45,400",0.43,"10,160",0.537,"753,036",0.838
5,9,2020,9/5/2020,1013746,0.315,740100,0.52,"50,500",0.43,"64,700",0.42,"12,118",0.715,"798,823",0.855
4,9,2020,9/4/2020,1571533,0.279,1034500,0.48,"88,300",0.27,"64,200",0.22,"20,223",0.704,"936,602",0.964
3,9,2020,9/3/2020,1532512,0.266,1030700,0.45,"82,600",0.25,"58,000",0.2,"19,992",0.66,"869,126",0.909
2,9,2020,9/2/2020,1491161,0.271,994000,0.46,"77,600",0.24,"53,000",0.18,"19,990",0.656,"810,144",0.864
1,9,2020,9/1/2020,1472491,0.277,996600,0.47,"76,500",0.23,"53,100",0.18,"18,929",0.661,"809,685",0.851
31,8,2020,8/31/2020,1400448,0.264,987400,0.46,"78,100",0.25,"52,700",0.19,"18,185",0.635,"817,544",1.103
30,8,2020,8/30/2020,748886,0.3,822300,0.76,"45,100",0.43,"41,600",0.4,"9,752",0.521,"805,096",0.898
29,8,2020,8/29/2020,774465,0.266,892800,0.67,"37,600",0.28,"41,300",0.27,"9,814",0.6,"645,956",0.686
28,8,2020,8/28/2020,1391299,0.283,1333400,0.67,"76,100",0.24,"53,100",0.19,"18,845",0.705,"899,892",0.87
27,8,2020,8/27/2020,1361128,0.258,1274100,0.61,"73,100",0.23,"48,800",0.18,"19,271",0.689,"847,285",0.83
26,8,2020,8/26/2020,1410651,0.271,1361400,0.67,"76,600",0.24,"50,800",0.19,"20,659",0.712,"859,625",0.91
25,8,2020,8/25/2020,1349335,0.259,1273400,0.62,"73,300",0.23,"49,700",0.18,"18,682",0.663,"821,597",0.873
24,8,2020,8/24/2020,1310101,0.269,1270700,0.66,"75,100",0.24,"50,100",0.18,"17,643",0.695,"815,665",0.881
23,8,2020,8/23/2020,672193,0.288,783200,0.71,"37,900",0.36,"35,300",0.34,"8,297",0.468,"737,097",0.794
22,8,2020,8/22/2020,883393,0.304,998700,0.73,"49,100",0.37,"51,600",0.34,"11,456",0.693,"812,308",0.825
21,8,2020,8/21/2020,1390232,0.285,1335800,0.7,"76,100",0.24,"53,000",0.19,"19,035",0.703,"909,773",0.899
20,8,2020,8/20/2020,1413449,0.277,1352700,0.68,"75,600",0.24,"50,900",0.19,"19,344",0.683,"889,782",0.893
19,8,2020,8/19/2020,1294931,0.255,1212800,0.61,"70,100",0.22,"47,700",0.17,"19,915",0.683,"816,805",0.858
18,8,2020,8/18/2020,1372568,0.269,1307400,0.65,"74,200",0.24,"47,900",0.18,"19,274",0.681,"838,008",0.88
17,8,2020,8/17/2020,1307543,0.271,1275000,0.66,"74,500",0.24,"49,400",0.18,"17,377",0.669,"806,108",0.857
16,8,2020,8/16/2020,554980,0.244,622000,0.57,"29,900",0.29,"28,500",0.27,"7,902",0.441,"620,686",0.681
15,8,2020,8/15/2020,861763,0.301,1001000,0.72,"46,800",0.35,"51,400",0.34,"11,487",0.692,"804,346",0.849
14,8,2020,8/14/2020,1358798,0.271,1321800,0.67,"72,900",0.23,"50,700",0.19,"18,113",0.669,"893,657",0.886
13,8,2020,8/13/2020,1294248,0.243,1198800,0.58,"69,200",0.22,"46,500",0.17,"18,608",0.646,"819,019",0.821
12,8,2020,8/12/2020,1302087,0.248,1227500,0.61,"68,300",0.22,"46,800",0.17,"19,346",0.645,"800,865",0.846
11,8,2020,8/11/2020,1322978,0.257,1256400,0.64,"72,400",0.23,"46,700",0.17,"18,546",0.658,"821,976",0.907
10,8,2020,8/10/2020,1278263,0.254,1243700,0.63,"73,500",0.24,"46,800",0.17,"18,178",0.694,"826,001",0.873
9,8,2020,8/9/2020,663642,0.268,766700,0.7,"37,600",0.36,"32,200",0.31,"8,287",0.465,"744,618",0.814
8,8,2020,8/8/2020,834093,0.276,962000,0.7,"41,700",0.31,"43,600",0.29,"10,613",0.624,"730,739",0.747
7,8,2020,8/7/2020,1286635,0.249,1256300,0.62,"66,000",0.21,"42,400",0.16,"17,502",0.639,"844,097",0.825
6,8,2020,8/6/2020,1337819,0.246,1241800,0.59,"66,700",0.21,"38,800",0.14,"19,117",0.658,"847,497",0.847
5,8,2020,8/5/2020,1351026,0.257,1305000,0.66,"58,000",0.19,"36,900",0.14,"18,299",0.623,"847,330",0.925
4,8,2020,8/4/2020,1028686,0.192,968100,0.46,"36,800",0.12,"31,100",0.11,"14,924",0.512,"577,415",0.618
3,8,2020,8/3/2020,1275951,0.248,1268300,0.62,"70,800",0.23,"45,900",0.17,"17,594",0.656,"818,732",0.87
2,8,2020,8/2/2020,590675,0.241,707000,0.62,"30,500",0.29,"28,100",0.27,"7,431",0.402,"648,735",0.701
1,8,2020,8/1/2020,843372,0.28,969300,0.69,"44,400",0.33,"48,700",0.32,"10,685",0.641,"799,745",0.852
31,7,2020,7/31/2020,1260968,0.241,1220700,0.6,"67,600",0.21,"50,900",0.18,"17,654",0.645,"859,774",0.843
30,7,2020,7/30/2020,1272918,0.233,1224100,0.57,"69,000",0.22,"48,600",0.17,"17,333",0.599,"820,275",0.812
29,7,2020,7/29/2020,1298880,0.242,1273100,0.62,"70,000",0.22,"48,500",0.17,"18,216",0.618,"816,959",0.865
28,7,2020,7/28/2020,1244405,0.23,1210600,0.57,"66,700",0.21,"45,800",0.16,"16,892",0.583,"782,226",0.825
27,7,2020,7/27/2020,1206129,0.234,1185000,0.57,"70,100",0.22,"45,700",0.16,"16,607",0.629,"793,225",0.841
26,7,2020,7/26/2020,607452,0.249,721100,0.64,"36,200",0.35,"32,300",0.3,"7,429",0.41,"697,533",0.733
25,7,2020,7/25/2020,817403,0.268,967300,0.69,"43,300",0.34,"47,600",0.31,"10,350",0.613,"769,898",0.782
24,7,2020,7/24/2020,1220649,0.23,1134300,0.56,"65,900",0.21,"49,000",0.17,"17,311",0.627,"826,030",0.796
23,7,2020,7/23/2020,1236427,0.222,1180200,0.55,"65,600",0.21,"47,000",0.17,"17,056",0.581,"791,577",0.781
22,7,2020,7/22/2020,1236384,0.221,1189100,0.54,"65,300",0.21,"46,700",0.17,"17,582",0.579,"784,013",0.801
21,7,2020,7/21/2020,1244544,0.236,1204300,0.59,"67,600",0.21,"48,000",0.17,"16,831",0.579,"792,955",0.867
20,7,2020,7/20/2020,1159163,0.229,1130400,0.57,"67,700",0.21,"46,800",0.17,"15,957",0.606,"770,607",0.844
19,7,2020,7/19/2020,585498,0.269,692800,0.67,"36,400",0.35,"29,900",0.28,"7,052",0.456,"696,110",0.797
18,7,2020,7/18/2020,779722,0.295,913700,0.72,"41,200",0.32,"45,500",0.29,"9,785",0.652,"747,445",0.808
17,7,2020,7/17/2020,1209692,0.232,1176200,0.57,"64,800",0.2,"47,400",0.17,"16,401",0.608,"819,471",0.797
16,7,2020,7/16/2020,1251884,0.231,1211800,0.59,"66,700",0.21,"47,400",0.17,"17,230",0.595,"819,850",0.838
15,7,2020,7/15/2020,1251164,0.228,1229000,0.58,"66,500",0.21,"46,900",0.17,"18,149",0.595,"803,399",0.848
14,7,2020,7/14/2020,1243749,0.224,1211300,0.56,"66,300",0.21,"46,200",0.16,"17,081",0.569,"794,838",0.831
13,7,2020,7/13/2020,1178204,0.222,1144100,0.55,"66,400",0.21,"46,200",0.16,"15,928",0.59,"756,123",0.796
12,7,2020,7/12/2020,628918,0.258,727700,0.64,"34,900",0.33,"31,800",0.3,"7,395",0.411,"703,590",0.741
11,7,2020,7/11/2020,693789,0.229,852600,0.59,"30,100",0.24,"35,300",0.23,"8,453",0.493,"625,288",0.629
10,7,2020,7/10/2020,1032749,0.191,926800,0.45,"55,900",0.18,"39,700",0.14,"15,738",0.566,"712,635",0.7
9,7,2020,7/9/2020,1213851,0.221,1195700,0.57,"65,500",0.21,"45,500",0.16,"17,017",0.574,"818,034",0.843
8,7,2020,7/8/2020,1174733,0.211,1114900,0.51,"63,000",0.2,"43,400",0.15,"16,980",0.565,"758,208",0.791
7,7,2020,7/7/2020,1159588,0.212,1118800,0.52,"61,800",0.2,"44,100",0.16,"16,003",0.537,"749,833",0.79
6,7,2020,7/6/2020,1087178,0.212,1030200,0.5,"63,900",0.2,"44,300",0.16,"14,886",0.55,"750,584",0.812
5,7,2020,7/5/2020,534220,0.231,658700,0.6,"34,600",0.33,"30,600",0.29,"6,280",0.347,"659,099",0.752
4,7,2020,7/4/2020,592295,0.228,754900,0.59,"38,400",0.3,"41,800",0.27,"8,391",0.579,"569,212",0.717
3,7,2020,7/3/2020,853015,0.313,968200,0.87,"56,200",0.18,"42,900",0.15,"10,915",0.838,"713,240",0.834
2,7,2020,7/2/2020,1172848,0.224,1178500,0.57,"64,300",0.2,"45,500",0.16,"15,981",0.534,"881,471",1.146
1,7,2020,7/1/2020,1122842,0.215,1102200,0.53,"56,500",0.18,"40,000",0.14,"16,451",0.55,"779,409",0.772
30,6,2020,6/30/2020,1115510,0.209,1082000,0.52,"58,000",0.17,"40,900",0.14,"15,291",0.518,"758,785",0.801
29,6,2020,6/29/2020,1103086,0.212,1087500,0.53,"63,300",0.19,"42,600",0.14,"14,705",0.552,"767,165",0.801
28,6,2020,6/28/2020,536488,0.177,641800,0.58,"25,700",0.26,"26,200",0.24,"5,748",0.337,"623,131",0.668
27,6,2020,6/27/2020,616084,0.193,753900,0.57,"26,800",0.22,"34,800",0.22,"8,541",0.531,"630,731",0.652
26,6,2020,6/26/2020,1104497,0.202,1130100,0.57,"55,600",0.17,"41,500",0.14,"15,048",0.54,"830,887",0.795
25,6,2020,6/25/2020,1081006,0.191,1088500,0.52,"53,400",0.16,"38,200",0.13,"14,854",0.502,"781,618",0.748
24,6,2020,6/24/2020,1070527,0.185,1099900,0.49,"52,400",0.16,"38,000",0.13,"15,155",0.493,"752,750",0.741
23,6,2020,6/23/2020,1053005,0.19,1086200,0.52,"52,900",0.16,"37,600",0.13,"15,069",0.505,"744,822",0.779
22,6,2020,6/22/2020,1002073,0.185,1016200,0.48,"53,900",0.16,"38,400",0.13,"13,314",0.49,"733,291",0.748
21,6,2020,6/21/2020,449497,0.171,592400,0.53,"27,100",0.28,"27,600",0.25,"6,328",0.338,"654,914",0.676
20,6,2020,6/20/2020,576097,0.174,768500,0.55,"29,000",0.24,"36,000",0.23,"8,185",0.47,"666,226",0.664
19,6,2020,6/19/2020,988680,0.178,1035300,0.55,"50,200",0.15,"38,800",0.13,"13,868",0.486,"797,519",0.777
18,6,2020,6/18/2020,944318,0.166,977700,0.48,"47,900",0.14,"35,800",0.12,"13,808",0.461,"729,487",0.73
17,6,2020,6/17/2020,950318,0.166,977200,0.45,"47,200",0.14,"36,300",0.12,"14,595",0.468,"709,680",0.732
16,6,2020,6/16/2020,934545,0.167,961000,0.46,"46,900",0.14,"34,100",0.12,"12,939",0.429,"695,359",0.747
15,6,2020,6/15/2020,898925,0.165,940900,0.43,"47,500",0.14,"34,500",0.12,"12,953",0.475,"674,785",0.71
14,6,2020,6/14/2020,430446,0.185,571200,0.55,"20,900",0.21,"22,700",0.21,"5,195",0.279,"563,725",0.605
13,6,2020,6/13/2020,545333,0.17,706800,0.5,"25,400",0.21,"32,400",0.2,"7,794",0.434,"631,065",0.625
12,6,2020,6/12/2020,898314,0.157,966300,0.43,"45,100",0.14,"33,700",0.11,"13,224",0.458,"765,492",0.735
11,6,2020,6/11/2020,819873,0.144,830100,0.38,"41,000",0.12,"29,100",0.1,"12,514",0.424,"656,696",0.676
10,6,2020,6/10/2020,858782,0.146,914700,0.39,"43,100",0.13,"30,800",0.1,"13,616",0.425,"680,270",0.694
9,6,2020,6/9/2020,843968,0.147,916900,0.41,"42,300",0.13,"29,500",0.1,"12,869",0.438,"680,462",0.709
8,6,2020,6/8/2020,806138,0.153,863400,0.42,"42,600",0.13,"30,500",0.1,"11,957",0.459,"644,830",0.735
7,6,2020,6/7/2020,378085,0.146,531900,0.49,"16,800",0.17,"18,500",0.17,"4,650",0.259,"538,419",0.604
6,6,2020,6/6/2020,464207,0.142,648000,0.46,"18,100",0.15,"23,600",0.15,"6,591",0.369,"551,793",0.57
5,6,2020,6/5/2020,704825,0.124,772900,0.35,"33,500",0.1,"25,200",0.09,"11,698",0.405,"643,562",0.624
4,6,2020,6/4/2020,728018,0.127,797700,0.37,"29,800",0.09,"25,500",0.09,"12,000",0.402,"650,868",0.648
3,6,2020,6/3/2020,683037,0.119,741200,0.32,"32,500",0.1,"23,500",0.08,"11,962",0.387,"582,624",0.603
2,6,2020,6/2/2020,695276,0.126,724400,0.34,"33,800",0.1,"24,600",0.08,"11,206",0.378,"579,412",0.609
1,6,2020,6/1/2020,688520,0.124,764300,0.34,"34,300",0.1,"24,500",0.08,"10,760",0.378,"595,060",0.622
31,5,2020,5/31/2020,344428,0.136,468300,0.43,"13,600",0.14,"14,700",0.14,"4,216",0.233,"495,488",0.553
30,5,2020,5/30/2020,426755,0.135,622000,0.44,"15,600",0.13,"20,300",0.13,"6,143",0.354,"537,180",0.556
29,5,2020,5/29/2020,658353,0.114,720800,0.33,"25,100",0.08,"21,200",0.07,"10,185",0.365,"598,608",0.57
28,5,2020,5/28/2020,659248,0.115,710800,0.32,"25,200",0.08,"20,400",0.07,"10,030",0.35,"584,629",0.599
27,5,2020,5/27/2020,675705,0.119,719200,0.33,"26,500",0.08,"21,000",0.07,"11,088",0.377,"601,140",0.634
26,5,2020,5/26/2020,657939,0.121,709000,0.33,"26,700",0.08,"21,800",0.08,"9,875",0.349,"587,270",0.634
25,5,2020,5/25/2020,394359,0.151,531600,0.46,"19,300",0.06,"19,000",0.07,"5,428",0.503,"445,015",0.565
24,5,2020,5/24/2020,320376,0.126,461200,0.43,"11,900",0.12,"14,100",0.14,"4,117",0.223,"461,171",0.526
23,5,2020,5/23/2020,336250,0.112,460700,0.35,"11,000",0.09,"14,000",0.09,"5,550",0.35,"394,091",0.436
22,5,2020,5/22/2020,634929,0.117,690200,0.31,"22,800",0.07,"19,900",0.07,"9,782",0.352,"626,984",0.596
21,5,2020,5/21/2020,630367,0.111,655300,0.3,"22,600",0.07,"19,200",0.07,"9,731",0.327,"585,553",0.578
20,5,2020,5/20/2020,624793,0.106,654800,0.28,"22,200",0.07,"18,500",0.06,"10,224",0.327,"542,409",0.547
19,5,2020,5/19/2020,611951,0.104,643600,0.28,"21,600",0.07,"18,700",0.07,"9,290",0.309,"524,483",0.541
18,5,2020,5/18/2020,596505,0.107,624200,0.28,"22,100",0.07,"19,200",0.07,"8,969",0.325,"505,315",0.523
17,5,2020,5/17/2020,287755,0.11,413500,0.37,"8,800",0.09,"3,300",0.03,"3,577",0.191,"391,606",0.413
16,5,2020,5/16/2020,361329,0.106,530600,0.37,"11,100",0.09,"18,400",0.12,"5,947",0.337,"477,098",0.479
15,5,2020,5/15/2020,588784,0.103,671500,0.3,"20,100",0.06,"45,300",0.16,"9,473",0.331,"562,991",0.534
14,5,2020,5/14/2020,568315,0.096,616000,0.26,"19,300",0.06,"16,400",0.06,"8,855",0.294,"520,395",0.51
13,5,2020,5/13/2020,566333,0.096,611300,0.26,"19,400",0.06,"17,200",0.06,"9,437",0.295,"509,243",0.521
12,5,2020,5/12/2020,554286,0.096,594900,0.26,"19,000",0.06,"16,700",0.06,"8,271",0.279,"488,406",0.521
11,5,2020,5/11/2020,521702,0.096,553300,0.26,"18,300",0.06,"16,700",0.06,"7,636",0.29,"458,042",0.506
10,5,2020,5/10/2020,272353,0.131,386000,0.46,"8,000",0.08,"9,200",0.09,"3,962",0.202,"415,868",0.488
9,5,2020,5/9/2020,317372,0.099,462400,0.32,"7,700",0.06,"11,100",0.07,"5,055",0.278,"371,426",0.374
8,5,2020,5/8/2020,526865,0.093,573700,0.25,"15,700",0.05,"15,200",0.05,"8,656",0.304,"483,831",0.474
7,5,2020,5/7/2020,536003,0.091,605600,0.26,"16,100",0.05,"16,200",0.06,"8,509",0.276,"488,836",0.495
6,5,2020,5/6/2020,509646,0.087,538800,0.22,"14,500",0.05,"14,700",0.05,"8,832",0.277,"444,179",0.462
5,5,2020,5/5/2020,522979,0.09,583400,0.25,"13,300",0.04,"15,500",0.05,"8,445",0.273,"462,086",0.494
4,5,2020,5/4/2020,512763,0.091,578300,0.25,"11,200",0.03,"15,800",0.06,"8,287",0.293,"447,424",0.482
3,5,2020,5/3/2020,259199,0.111,375900,0.45,"3,300",0.03,"7,600",0.07,"3,263",0.186,"353,314",0.443
2,5,2020,5/2/2020,326354,0.101,478600,0.34,"4,000",0.03,"10,900",0.07,"5,493",0.312,"401,938",0.43
1,5,2020,5/1/2020,495312,0.086,555300,0.25,"6,200",0.02,"12,400",0.04,"8,332",0.29,"445,621",0.441
30,4,2020,4/30/2020,466633,0.079,488800,0.21,"9,300",0.03,"14,400",0.05,"7,253",0.245,"405,169",0.412
29,4,2020,4/29/2020,478589,0.082,519600,0.22,"9,100",0.03,"14,800",0.05,"7,844",0.255,"410,502",0.431
28,4,2020,4/28/2020,490073,0.085,555600,0.24,"9,200",0.03,"15,400",0.05,"7,542",0.255,"436,347",0.47
27,4,2020,4/27/2020,463700,0.083,518400,0.23,"8,800",0.03,"15,000",0.05,"6,922",0.254,"384,124",0.424
26,4,2020,4/26/2020,219096,0.091,293500,0.3,"1,900",0.02,"5,400",0.05,"2,506",0.143,"231,541",0.276
25,4,2020,4/25/2020,295836,0.091,430800,0.32,"2,900",0.03,"9,100",0.06,"4,719",0.288,"350,300",0.38
24,4,2020,4/24/2020,444644,0.088,475400,0.27,"7,800",0.03,"13,200",0.05,"7,040",0.277,"386,935",0.429
23,4,2020,4/23/2020,454300,0.083,487300,0.25,"8,400",0.03,"13,800",0.05,"6,969",0.249,"386,938",0.411
22,4,2020,4/22/2020,459574,0.085,518900,0.26,"8,700",0.03,"14,100",0.05,"7,496",0.256,"398,703",0.423
21,4,2020,4/21/2020,422860,0.078,450900,0.22,"8,300",0.03,"13,700",0.05,"6,613",0.239,"356,099",0.382
20,4,2020,4/20/2020,438622,0.089,498700,0.27,"8,900",0.03,"14,800",0.05,"7,050",0.295,"371,776",0.404
19,4,2020,4/19/2020,224751,0.096,318100,0.32,"2,200",0.02,"6,000",0.06,"2,742",0.142,"276,406",0.314
18,4,2020,4/18/2020,254792,0.09,352000,0.29,"2,400",0.02,"7,200",0.05,"4,202",0.284,"254,735",0.302
17,4,2020,4/17/2020,433106,0.091,470300,0.27,"8,300",0.03,"13,500",0.05,"7,048",0.288,"378,350",0.392
16,4,2020,4/16/2020,421013,0.071,447000,0.2,"8,500",0.03,"13,800",0.05,"6,563",0.222,"346,342",0.346
15,4,2020,4/15/2020,419851,0.07,454100,0.19,"8,600",0.03,"13,800",0.05,"6,928",0.22,"340,213",0.351
14,4,2020,4/14/2020,430946,0.073,470900,0.2,"8,800",0.03,"14,100",0.05,"6,585",0.219,"356,104",0.376
13,4,2020,4/13/2020,363961,0.065,347800,0.16,"8,200",0.03,"13,000",0.05,"6,205",0.222,"284,609",0.313
12,4,2020,4/12/2020,198693,0.08,279100,0.28,"2,200",0.02,"5,100",0.05,"2,525",0.136,"217,871",0.256
11,4,2020,4/11/2020,257467,0.078,378200,0.27,"2,700",0.02,"7,600",0.05,"4,235",0.24,"254,755",0.269
10,4,2020,4/10/2020,400947,0.07,414100,0.19,"8,200",0.03,"13,000",0.05,"5,378",0.185,"314,100",0.314
9,4,2020,4/9/2020,405325,0.07,401900,0.17,"8,400",0.03,"12,900",0.04,"6,243",0.199,"303,481",0.312
8,4,2020,4/8/2020,428206,0.073,431700,0.18,"9,000",0.03,"13,500",0.05,"6,950",0.217,"324,882",0.342
7,4,2020,4/7/2020,435718,0.076,441000,0.19,"9,300",0.03,"14,100",0.05,"7,041",0.233,"335,470",0.367
6,4,2020,4/6/2020,446273,0.08,454900,0.2,"10,100",0.03,"14,400",0.05,"7,093",0.25,"335,769",0.369
5,4,2020,4/5/2020,227603,0.091,299600,0.3,"3,000",0.03,"5,600",0.05,"2,763",0.144,"209,152",0.234
4,4,2020,4/4/2020,282703,0.086,383400,0.27,"3,700",0.03,"8,100",0.05,"4,375",0.245,"243,323",0.26
3,4,2020,4/3/2020,484200,0.085,483800,0.22,"9,700",0.03,"13,200",0.05,"7,794",0.273,"340,273",0.349
2,4,2020,4/2/2020,486468,0.082,472700,0.2,"10,100",0.03,"13,700",0.05,"7,077",0.225,"339,734",0.348
1,4,2020,4/1/2020,514201,0.087,495400,0.21,"10,500",0.03,"13,600",0.05,"8,151",0.252,"342,222",0.367
31,3,2020,3/31/2020,509149,0.088,514300,0.22,,,,,"7,672",0.257,"337,626",0.373
30,3,2020,3/30/2020,546355,0.098,563900,0.25,,,,,"8,084",0.283,"344,690",0.384
29,3,2020,3/29/2020,264119,0.117,306800,0.31,,,,,"3,374",0.194,"197,154",0.242
28,3,2020,3/28/2020,332993,0.102,403700,0.29,,,,,"4,491",0.26,"240,702",0.259
27,3,2020,3/27/2020,658312,0.118,641800,0.29,,,,,"8,409",0.294,"396,778",0.402
26,3,2020,3/26/2020,681923,0.118,646100,0.28,,,,,"8,795",0.288,"390,117",0.403
25,3,2020,3/25/2020,691604,0.121,618000,0.27,,,,,"9,512",0.302,"375,767",0.406
24,3,2020,3/24/2020,743314,0.131,657800,0.28,,,,,"9,133",0.301,"395,493",0.437
23,3,2020,3/23/2020,711138,0.131,578200,0.26,,,,,"9,902",0.348,"361,514",0.407
22,3,2020,3/22/2020,409364,0.169,378900,0.35,,,,,"4,824",0.261,"277,051",0.318
21,3,2020,3/21/2020,620662,0.205,564900,0.43,,,,,"6,467",0.392,"382,993",0.433
20,3,2020,3/20/2020,1312249,0.239,868600,0.41,,,,,"12,744",0.453,"563,262",0.584
19,3,2020,3/19/2020,1425564,0.256,933600,0.43,,,,,"14,116",0.483,"569,696",0.62
18,3,2020,3/18/2020,1629413,0.286,1059500,0.45,,,,,"15,942",0.5,"634,853",0.688
17,3,2020,3/17/2020,1793359,0.318,1094900,0.47,,,,,"18,173",0.594,"650,445",0.716
16,3,2020,3/16/2020,2184296,0.405,1237300,0.55,,,,,"21,145",0.756,"708,870",0.794
15,3,2020,3/15/2020,1159079,0.476,711600,0.69,,,,,"12,480",0.683,"535,988",0.636
14,3,2020,3/14/2020,1672800,0.525,993300,0.73,,,,,"13,394",0.791,"631,101",0.698
13,3,2020,3/13/2020,3496765,0.62,1715700,0.77,,,,,"26,640",0.918,"860,419",0.862
12,3,2020,3/12/2020,4163674,0.716,1938400,0.82,,,,,"30,814",0.985,"881,188",0.913
11,3,2020,3/11/2020,4712462,0.815,2113000,0.9,,,,,"32,198",1.006,"866,706",0.933
10,3,2020,3/10/2020,4883623,0.849,2112000,0.91,,,,,"31,315",1.021,"855,585",0.942
9,3,2020,3/9/2020,4989635,0.896,2124800,0.93,,,,,"29,609",1.027,"860,073",0.953
8,3,2020,3/8/2020,2122328,1.004,957200,1.07,,,,,"19,477",1.134,"765,084",0.994
7,3,2020,3/7/2020,2817082,0.904,1249100,0.91,,,,,"18,117",1.037,"827,908",0.924
6,3,2020,3/6/2020,5204732,0.916,2066700,0.93,,,,,"30,970",1.067,"945,408",0.96
5,3,2020,3/5/2020,5513656,0.956,2244500,0.99,,,,,"33,209",1.071,"929,298",0.991
4,3,2020,3/4/2020,5515945,0.968,2177200,0.97,,,,,"34,297",1.087,"905,558",0.999
3,3,2020,3/3/2020,5498556,0.961,2228600,0.97,,,,,"32,767",1.069,"882,175",0.983
2,3,2020,3/2/2020,5347055,1.239,2209100,1.4,,,,,"30,338",1.282,"874,620",1.275
1,3,2020,3/1/2020,2214601,0.987,984900,1.01,,,,,"19,922",1.188,"786,961",1.078
