date,Subways_Total_Estimated_Ridership,Subways_Percentage_of_Comparable_Pre_Pandemic_Day,Buses_Total_Estimated_Ridership,Buses_Percentage_of_Comparable_Pre_Pandemic_Day,LIRR_Total_Estimated_Ridership,LIRR_Percentage_of_2019_Monthly_Weekday_Saturday_Sunday_Average,Metro_North_Total_Estimated_Ridership,Metro_North_Percentage_of_2019_Monthly_Weekday_Saturday_Sunday_Average,Access_A_Ride_Total_Scheduled_Trips,Access_A_Ride_Percentage_of_Comprable_Pre_Pandemic_Day,Bridges_and_Tunnels_Total_Traffic,Bridges_and_Tunnels_Percentage_of_Comparable_Pre_Pandemic_Day
05/05/2022,"3,504,103",0.595,"1,424,789",0.603,"174,600",0.61,"150,100",0.58,"25,903",0.84,"982,930",0.995
05/04/2022,"3,360,317",0.573,"1,431,253",0.597,"168,500",0.59,"147,100",0.57,"25,462",0.799,"909,016",0.945
05/03/2022,"3,409,510",0.586,"1,479,266",0.625,"177,900",0.62,"155,300",0.6,"24,680",0.797,"929,868",0.994
05/02/2022,"2,737,861",0.485,"1,168,467",0.513,"146,400",0.5,"126,800",0.48,"21,695",0.766,"883,276",0.952
05/01/2022,"1,686,408",0.724,"674,569",0.803,"64,600",0.69,"62,500",0.78,"12,976",0.741,"870,826",1.092
04/30/2022,"2,110,627",0.654,"881,880",0.635,"82,900",0.73,"82,800",0.86,"14,223",0.808,"938,739",1.004
04/29/2022,"3,263,295",0.568,"1,426,696",0.639,"164,900",0.55,"136,900",0.51,"23,421",0.816,"994,415",0.984
04/28/2022,"3,411,573",0.578,"1,465,092",0.624,"167,300",0.58,"146,300",0.56,"24,321",0.82,"968,651",0.986
04/27/2022,"3,439,081",0.592,"1,498,948",0.638,"172,600",0.6,"153,100",0.59,"25,229",0.819,"934,481",0.981
04/26/2022,"3,288,631",0.571,"1,452,642",0.635,"172,200",0.6,"153,900",0.59,"23,800",0.804,"897,493",0.966
04/25/2022,"3,032,820",0.546,"1,415,410",0.63,"159,600",0.55,"139,000",0.52,"22,370",0.821,"883,942",0.976
04/24/2022,"1,655,863",0.684,"648,591",0.654,"64,800",0.69,"67,600",0.84,"12,927",0.74,"875,218",1.045
04/23/2022,"2,109,247",0.645,"844,146",0.632,"79,400",0.7,"89,800",0.93,"13,459",0.821,"907,580",0.984
04/22/2022,"2,991,024",0.592,"1,217,380",0.696,"157,900",0.53,"145,600",0.54,"22,298",0.878,"935,779",1.036
04/21/2022,"3,039,160",0.556,"1,231,047",0.623,"165,800",0.58,"147,500",0.57,"23,239",0.83,"920,202",0.977
04/20/2022,"3,104,143",0.571,"1,265,823",0.628,"171,700",0.6,"155,700",0.6,"24,212",0.826,"942,383",1.001
04/19/2022,"2,967,971",0.546,"1,189,960",0.588,"168,400",0.58,"151,500",0.58,"22,359",0.808,"895,086",0.961
04/18/2022,"2,681,463",0.542,"1,145,261",0.631,"154,300",0.53,"139,200",0.52,"20,245",0.848,"901,207",0.98
04/17/2022,"1,514,273",0.646,"596,619",0.6,"71,300",0.76,"71,700",0.89,"14,704",0.759,"845,418",0.961
04/16/2022,"1,988,439",0.702,"830,874",0.695,"89,000",0.79,"83,700",0.87,"13,413",0.907,"885,536",1.049
04/15/2022,"2,766,260",0.582,"1,137,728",0.645,"166,100",0.55,"140,200",0.52,"20,908",0.854,"973,156",1.008
04/14/2022,"3,304,078",0.56,"1,438,990",0.639,"162,900",0.57,"144,300",0.55,"25,073",0.846,"982,717",0.982
04/13/2022,"3,227,557",0.54,"1,495,891",0.639,"163,400",0.57,"147,000",0.57,"25,847",0.822,"949,712",0.981
04/12/2022,"3,085,168",0.52,"1,496,004",0.637,"172,300",0.6,"149,400",0.57,"25,286",0.84,"936,334",0.989
04/11/2022,"3,212,082",0.578,"1,433,226",0.654,"161,100",0.55,"140,200",0.53,"23,569",0.843,"901,316",0.992
04/10/2022,"1,707,761",0.69,"667,662",0.675,"63,200",0.68,"66,100",0.82,"13,935",0.748,"850,153",0.998
04/09/2022,"2,190,462",0.668,"868,945",0.62,"81,600",0.72,"86,600",0.9,"13,969",0.792,"897,690",0.947
04/08/2022,"3,354,096",0.586,"1,443,367",0.646,"160,900",0.54,"140,800",0.52,"24,488",0.842,"998,348",0.997
04/07/2022,"3,313,712",0.569,"1,379,678",0.589,"161,300",0.56,"140,200",0.54,"24,107",0.768,"901,454",0.927
04/06/2022,"3,318,116",0.566,"1,403,198",0.598,"163,800",0.57,"142,800",0.55,"25,103",0.785,"890,470",0.937
04/05/2022,"3,363,543",0.583,"1,484,961",0.642,"170,100",0.59,"150,700",0.58,"24,873",0.822,"904,813",0.99
04/04/2022,"3,134,343",0.564,"1,447,820",0.633,"159,500",0.55,"135,900",0.51,"23,746",0.838,"899,510",0.988
04/03/2022,"1,465,351",0.584,"607,152",0.612,"58,800",0.63,"53,800",0.67,"12,947",0.675,"790,600",0.885
04/02/2022,"2,130,919",0.645,"879,513",0.626,"77,200",0.68,"80,500",0.83,"14,382",0.804,"893,814",0.953
04/01/2022,"3,243,079",0.569,"1,411,421",0.65,"145,300",0.49,"120,600",0.45,"24,017",0.84,"972,802",0.999
03/31/2022,"3,330,025",0.563,"1,450,363",0.614,"164,100",0.57,"139,600",0.54,"24,308",0.773,"941,530",0.965
03/30/2022,"3,342,993",0.568,"1,465,351",0.616,"164,900",0.58,"143,200",0.55,"24,620",0.762,"913,063",0.978
03/29/2022,"3,298,783",0.572,"1,430,099",0.61,"163,200",0.57,"143,900",0.55,"23,981",0.802,"886,086",0.978
03/28/2022,"2,995,970",0.538,"1,336,330",0.582,"153,200",0.53,"130,900",0.49,"22,114",0.775,"868,259",0.968
03/27/2022,"1,535,658",0.679,"628,313",0.635,"65,000",0.69,"58,000",0.72,"11,809",0.678,"830,360",1.017
03/26/2022,"2,026,750",0.624,"783,499",0.56,"71,800",0.64,"73,900",0.77,"13,208",0.765,"875,353",0.942
03/25/2022,"3,225,045",0.576,"1,397,899",0.628,"158,500",0.53,"133,400",0.5,"23,274",0.813,"967,743",0.982
03/24/2022,"3,218,694",0.555,"1,373,850",0.59,"162,400",0.56,"134,100",0.51,"22,998",0.754,"900,384",0.931
03/23/2022,"3,282,248",0.574,"1,438,665",0.623,"161,200",0.56,"138,900",0.54,"24,574",0.781,"891,509",0.963
03/22/2022,"3,284,022",0.577,"1,471,299",0.627,"168,300",0.58,"144,800",0.56,"23,948",0.79,"891,089",0.985
03/21/2022,"3,041,126",0.561,"1,418,900",0.628,"165,500",0.57,"134,200",0.5,"22,229",0.78,"880,846",0.991
03/20/2022,"1,658,395",0.686,"628,693",0.584,"67,600",0.72,"63,800",0.79,"12,736",0.69,"879,711",1.009
03/19/2022,"2,003,889",0.663,"820,933",0.618,"74,100",0.66,"74,000",0.77,"12,877",0.781,"872,810",0.986
03/18/2022,"3,281,721",0.597,"1,402,806",0.655,"163,200",0.54,"137,500",0.51,"24,019",0.854,"978,491",1.015
03/17/2022,"3,182,552",0.572,"1,350,810",0.618,"166,900",0.58,"135,700",0.52,"22,946",0.785,"888,875",0.967
03/16/2022,"3,339,344",0.587,"1,476,356",0.63,"168,800",0.59,"145,100",0.56,"25,305",0.793,"914,284",0.99
03/15/2022,"3,283,193",0.582,"1,454,522",0.625,"171,400",0.59,"146,800",0.56,"24,272",0.793,"906,028",0.998
03/14/2022,"3,015,216",0.559,"1,406,578",0.624,"160,000",0.55,"134,100",0.5,"22,481",0.803,"879,699",0.986
03/13/2022,"1,480,930",0.613,"590,753",0.549,"60,000",0.64,"57,500",0.72,"11,491",0.623,"792,377",0.909
03/12/2022,"1,665,641",0.523,"637,601",0.47,"51,700",0.46,"59,900",0.62,"10,655",0.629,"669,502",0.74
03/11/2022,"3,202,106",0.568,"1,419,371",0.637,"159,000",0.53,"135,400",0.5,"23,736",0.818,"986,555",0.989
03/10/2022,"3,346,277",0.576,"1,476,288",0.626,"163,900",0.57,"140,100",0.54,"24,515",0.784,"945,191",0.98
03/09/2022,"3,119,759",0.54,"1,338,822",0.57,"153,400",0.54,"129,100",0.5,"23,477",0.733,"832,720",0.896
03/08/2022,"3,251,396",0.565,"1,456,451",0.625,"158,700",0.55,"138,800",0.53,"24,076",0.785,"894,132",0.985
03/07/2022,"2,987,081",0.537,"1,395,540",0.609,"153,900",0.53,"129,800",0.49,"22,465",0.779,"861,409",0.954
03/06/2022,"1,446,051",0.644,"600,501",0.613,"53,000",0.57,"52,900",0.66,"12,557",0.749,"787,598",1.079
03/05/2022,"1,957,651",0.687,"812,774",0.649,"69,000",0.61,"70,400",0.73,"13,269",0.735,"865,292",1.028
03/04/2022,"3,083,344",0.559,"1,363,159",0.634,"145,500",0.49,"125,100",0.47,"22,821",0.716,"957,694",0.996
03/03/2022,"3,214,169",0.565,"1,434,851",0.647,"152,900",0.53,"132,500",0.51,"23,800",0.731,"923,154",0.996
03/02/2022,"3,214,846",0.572,"1,463,263",0.65,"159,200",0.56,"140,900",0.55,"24,289",0.726,"896,503",1.008
03/01/2022,"3,144,836",0.564,"1,435,834",0.646,"165,800",0.57,"150,800",0.58,"22,944",0.715,"873,348",0.999
02/28/2022,"2,921,956",0.54,"1,362,855",0.613,"134,900",0.46,"118,600",0.45,"21,929",0.724,"859,177",0.999
02/27/2022,"1,404,750",0.617,"604,646",0.597,"62,900",0.67,"51,600",0.64,"11,337",0.565,"802,377",1.009
02/26/2022,"1,826,845",0.625,"775,358",0.615,"71,800",0.64,"61,600",0.64,"12,226",0.696,"847,294",1.019
02/25/2022,"2,580,174",0.499,"1,027,563",0.546,"114,700",0.38,"91,000",0.34,"18,740",0.628,"794,852",0.855
02/24/2022,"2,864,025",0.534,"1,196,924",0.602,"132,500",0.46,"110,400",0.42,"21,868",0.693,"911,720",1.005
02/23/2022,"2,900,361",0.541,"1,247,209",0.613,"140,200",0.49,"119,200",0.46,"23,807",0.724,"892,767",1.012
02/22/2022,"2,675,275",0.519,"1,143,526",0.589,"135,400",0.47,"112,800",0.43,"19,233",0.619,"846,877",0.988
02/21/2022,"1,945,048",0.607,"873,961",0.642,"109,900",0.38,"63,900",0.24,"12,500",0.765,"816,227",1.033
02/20/2022,"1,478,642",0.649,"571,789",0.565,"55,000",0.59,"54,900",0.68,"11,017",0.549,"768,971",0.967
02/19/2022,"1,794,244",0.614,"723,602",0.574,"64,700",0.57,"66,500",0.69,"12,171",0.693,"813,140",0.978
02/18/2022,"2,959,462",0.534,"1,285,978",0.61,"129,400",0.43,"112,000",0.42,"21,470",0.695,"947,650",0.969
02/17/2022,"3,116,483",0.549,"1,408,571",0.638,"141,200",0.49,"115,700",0.44,"23,713",0.72,"911,310",0.995
02/16/2022,"3,106,976",0.557,"1,406,714",0.62,"140,400",0.49,"115,300",0.45,"23,513",0.687,"875,377",0.995
02/15/2022,"3,037,189",0.541,"1,340,123",0.6,"146,600",0.51,"119,000",0.46,"21,922",0.667,"873,240",1.014
02/14/2022,"2,913,628",0.54,"1,272,100",0.593,"142,500",0.49,"113,300",0.43,"20,812",0.692,"862,473",1.02
02/13/2022,"1,351,186",0.579,"510,307",0.525,"50,500",0.54,"46,400",0.58,"10,013",0.518,"655,107",0.865
02/12/2022,"2,028,603",0.729,"820,629",0.723,"71,700",0.64,"71,800",0.74,"13,376",0.813,"867,255",1.053
02/11/2022,"3,021,042",0.545,"1,348,189",0.64,"131,000",0.44,"110,700",0.41,"22,608",0.731,"939,270",0.961
02/10/2022,"3,118,851",0.549,"1,423,775",0.644,"143,100",0.5,"115,700",0.44,"23,341",0.709,"905,812",0.989
02/09/2022,"3,095,072",0.555,"1,421,706",0.627,"143,700",0.5,"115,300",0.45,"23,863",0.697,"868,057",0.987
02/08/2022,"3,022,902",0.539,"1,387,432",0.622,"141,700",0.49,"119,200",0.46,"22,667",0.69,"851,665",0.989
02/07/2022,"2,789,941",0.517,"1,297,024",0.605,"136,500",0.47,"111,300",0.42,"21,120",0.702,"809,094",0.957
02/06/2022,"1,325,280",0.588,"558,211",0.562,"51,500",0.55,"48,400",0.6,"10,621",0.541,"744,779",0.973
02/05/2022,"1,794,615",0.603,"726,750",0.565,"61,200",0.54,"61,500",0.64,"11,377",0.628,"775,134",0.933
02/04/2022,"2,730,797",0.494,"1,176,367",0.557,"117,900",0.39,"94,300",0.35,"18,557",0.603,"781,068",0.853
02/03/2022,"2,919,948",0.516,"1,304,726",0.596,"126,900",0.44,"104,100",0.4,"22,325",0.695,"853,193",0.964
02/02/2022,"2,945,982",0.519,"1,314,898",0.574,"140,100",0.49,"111,000",0.43,"22,427",0.667,"846,701",0.966
02/01/2022,"2,640,076",0.472,"1,127,084",0.498,"135,300",0.47,"111,400",0.43,"20,357",0.628,"804,390",0.939
01/31/2022,"2,580,730",0.479,"1,139,164",0.519,"132,200",0.46,"109,700",0.41,"18,400",0.611,"777,628",0.907
01/30/2022,"1,263,710",0.565,"460,299",0.475,"47,900",0.51,"45,000",0.56,"5,974",0.302,"506,466",0.72
01/29/2022,"1,000,199",0.348,"271,959",0.217,"8,100",0.07,"22,000",0.23,"5,353",0.317,"174,348",0.221
01/28/2022,"2,708,397",0.501,"1,208,092",0.569,"120,900",0.4,"96,400",0.36,"20,115",0.645,"866,261",0.929
01/27/2022,"2,730,250",0.484,"1,275,573",0.581,"119,000",0.41,"95,700",0.37,"20,934",0.663,"869,615",1.008
01/26/2022,"2,717,000",0.482,"1,266,798",0.568,"118,600",0.41,"96,300",0.37,"21,033",0.645,"833,936",0.955
01/25/2022,"2,706,871",0.485,"1,308,979",0.586,"124,500",0.43,"98,900",0.38,"21,233",0.673,"817,021",0.956
01/24/2022,"2,542,015",0.484,"1,244,112",0.594,"127,800",0.44,"100,500",0.38,"19,472",0.658,"791,390",0.938
01/23/2022,"1,246,961",0.535,"529,115",0.528,"48,700",0.52,"43,600",0.54,"9,446",0.511,"685,007",0.896
01/22/2022,"1,585,292",0.609,"655,490",0.636,"59,400",0.53,"53,700",0.56,"10,455",0.652,"735,629",0.988
01/21/2022,"2,570,529",0.481,"1,151,816",0.557,"113,500",0.38,"91,100",0.34,"19,079",0.626,"864,079",0.931
01/20/2022,"2,550,517",0.468,"1,181,953",0.555,"112,600",0.39,"88,200",0.34,"18,616",0.587,"766,608",0.861
01/19/2022,"2,647,727",0.488,"1,286,788",0.603,"121,200",0.42,"96,300",0.37,"21,111",0.648,"829,778",0.957
01/18/2022,"2,546,425",0.479,"1,222,195",0.589,"125,600",0.44,"100,400",0.39,"19,389",0.619,"815,605",0.943
01/17/2022,"1,602,238",0.502,"694,066",0.532,"98,700",0.34,"44,100",0.17,"8,760",0.56,"649,397",0.815
01/16/2022,"1,166,766",0.511,"456,257",0.483,"43,600",0.47,"38,000",0.47,"8,545",0.503,"621,361",0.884
01/15/2022,"1,436,125",0.554,"573,037",0.565,"53,400",0.47,"45,300",0.47,"9,510",0.674,"703,293",1.093
01/14/2022,"2,527,746",0.473,"1,186,647",0.584,"109,200",0.36,"88,600",0.33,"18,878",0.62,"866,901",0.911
01/13/2022,"2,529,329",0.458,"1,218,552",0.566,"112,500",0.39,"87,700",0.34,"19,918",0.627,"821,641",0.908
01/12/2022,"2,464,248",0.447,"1,179,931",0.529,"111,000",0.39,"86,000",0.33,"19,679",0.591,"784,901",0.886
01/11/2022,"2,271,033",0.419,"1,040,581",0.479,"104,400",0.36,"81,400",0.31,"17,388",0.542,"753,381",0.875
01/10/2022,"2,352,277",0.451,"1,147,341",0.529,"116,500",0.4,"90,200",0.34,"18,268",0.611,"762,712",0.9
01/09/2022,"1,103,682",0.482,"475,438",0.478,"43,400",0.46,"35,300",0.44,"7,916",0.409,"567,494",0.75
01/08/2022,"1,487,737",0.495,"631,341",0.485,"51,700",0.46,"46,400",0.48,"9,126",0.498,"641,533",0.773
01/07/2022,"2,125,569",0.39,"880,997",0.413,"90,200",0.3,"73,100",0.27,"14,203",0.46,"559,774",0.613
01/06/2022,"2,396,085",0.438,"1,146,904",0.543,"103,600",0.36,"82,600",0.32,"18,672",0.592,"780,026",0.879
01/05/2022,"2,272,601",0.418,"1,078,511",0.503,"98,300",0.34,"77,600",0.3,"18,861",0.587,"709,060",0.831
01/04/2022,"2,294,147",0.424,"1,082,360",0.503,"104,200",0.36,"82,000",0.32,"17,909",0.567,"733,369",0.871
01/03/2022,"2,172,744",0.414,"1,000,002",0.478,"103,000",0.35,"84,000",0.32,"16,437",0.552,"692,740",0.832
01/02/2022,"1,221,306",0.537,"475,096",0.504,"49,200",0.53,"42,600",0.53,"8,383",0.45,"624,655",0.888
01/01/2022,"1,029,180",0.445,"350,845",0.464,"34,000",0.3,"30,300",0.31,"4,904",0.575,"498,515",0.746
12/31/2021,"1,629,859",0.522,"699,749",0.58,"96,700",0.32,"85,200",0.32,"11,498",0.757,"628,305",0.737
12/30/2021,"2,202,359",0.509,"928,012",0.604,"110,100",0.38,"90,800",0.35,"16,177",0.657,"804,654",0.985
12/29/2021,"2,171,073",0.501,"921,562",0.6,"105,900",0.37,"92,600",0.36,"16,859",0.685,"768,653",0.941
12/28/2021,"2,172,791",0.502,"953,933",0.621,"109,900",0.38,"89,700",0.35,"16,736",0.68,"764,364",0.935
12/27/2021,"2,011,675",0.465,"890,096",0.58,"108,500",0.37,"89,400",0.34,"14,952",0.608,"744,547",0.911
12/26/2021,"1,286,484",0.51,"518,897",0.551,"56,500",0.6,"51,500",0.64,"8,744",0.488,"673,477",0.862
12/25/2021,"811,945",0.466,"329,549",0.493,"39,500",0.35,"31,600",0.33,"9,021",0.61,"582,582",0.761
12/24/2021,"1,577,738",0.432,"746,809",0.489,"97,400",0.33,"81,100",0.3,"12,009",0.541,"738,612",0.816
12/23/2021,"2,491,489",0.525,"1,166,953",0.637,"118,400",0.41,"97,200",0.37,"19,335",0.716,"899,513",0.972
12/22/2021,"2,640,159",0.556,"1,252,621",0.684,"117,700",0.41,"92,900",0.36,"21,673",0.803,"878,197",0.949
12/21/2021,"2,703,097",0.57,"1,299,476",0.71,"124,400",0.43,"97,100",0.37,"21,656",0.802,"866,595",0.936
12/20/2021,"2,722,430",0.574,"1,277,654",0.698,"132,100",0.45,"102,700",0.39,"20,318",0.753,"856,849",0.926
12/19/2021,"1,581,503",0.593,"636,393",0.61,"65,700",0.7,"56,300",0.7,"12,238",0.617,"784,051",0.935
12/18/2021,"1,882,956",0.591,"786,073",0.621,"74,300",0.66,"66,100",0.69,"12,312",0.706,"832,994",0.918
12/17/2021,"3,118,492",0.551,"1,375,383",0.662,"146,100",0.49,"121,000",0.45,"22,539",0.723,"968,689",0.976
12/16/2021,"3,226,842",0.561,"1,438,193",0.703,"152,700",0.53,"126,100",0.48,"23,623",0.741,"948,535",0.974
12/15/2021,"3,249,076",0.547,"1,436,154",0.65,"153,100",0.53,"129,800",0.5,"23,732",0.707,"921,048",0.976
12/14/2021,"3,281,294",0.576,"1,378,221",0.674,"154,900",0.54,"131,800",0.51,"23,043",0.73,"894,669",1.033
12/13/2021,"3,127,619",0.546,"1,333,718",0.612,"153,400",0.53,"129,700",0.49,"21,617",0.716,"874,293",0.964
12/12/2021,"1,831,705",0.651,"627,007",0.595,"80,900",0.87,"66,500",0.83,"12,189",0.617,"828,121",0.985
12/11/2021,"2,268,556",0.657,"786,137",0.613,"91,900",0.81,"81,100",0.84,"13,396",0.754,"863,814",0.98
12/10/2021,"3,423,782",0.578,"1,404,176",0.665,"152,500",0.51,"127,700",0.48,"22,237",0.725,"962,125",0.982
12/09/2021,"3,440,822",0.565,"1,436,883",0.643,"154,400",0.54,"126,200",0.48,"22,743",0.696,"927,903",0.948
12/08/2021,"3,385,675",0.569,"1,430,106",0.647,"156,200",0.55,"130,200",0.5,"22,691",0.731,"889,409",1.008
12/07/2021,"3,375,157",0.569,"1,453,136",0.649,"153,700",0.53,"131,000",0.5,"23,262",0.711,"883,027",0.971
12/06/2021,"3,142,556",0.559,"1,394,230",0.678,"155,000",0.53,"127,300",0.48,"21,761",0.728,"865,595",0.988
12/05/2021,"1,737,545",0.65,"665,129",0.643,"72,700",0.78,"60,500",0.75,"12,541",0.639,"818,544",0.991
12/04/2021,"2,318,203",0.658,"864,764",0.655,"91,500",0.81,"81,400",0.84,"13,317",0.719,"864,918",0.965
12/03/2021,"3,380,539",0.567,"1,419,078",0.645,"144,500",0.48,"119,400",0.44,"22,518",0.727,"940,827",0.962
12/02/2021,"3,366,133",0.555,"1,449,142",0.635,"154,700",0.54,"127,500",0.49,"22,540",0.685,"923,179",0.957
12/01/2021,"3,333,735",0.557,"1,463,384",0.639,"163,200",0.57,"136,100",0.53,"23,347",0.692,"899,319",0.966
11/30/2021,"3,214,333",0.551,"1,432,539",0.642,"166,700",0.58,"136,600",0.53,"22,469",0.743,"897,216",1.001
11/29/2021,"3,002,707",0.57,"1,381,661",0.704,"166,200",0.57,"132,500",0.5,"21,124",0.805,"900,399",1.179
11/28/2021,"1,467,414",0.722,"592,081",0.723,"75,200",0.8,"65,100",0.81,"10,481",0.697,"825,585",1.135
11/27/2021,"1,882,638",0.675,"750,986",0.613,"83,700",0.74,"76,100",0.79,"10,620",0.744,"850,980",0.943
11/26/2021,"2,092,977",0.601,"843,588",0.595,"128,500",0.43,"108,700",0.4,"11,077",0.741,"789,915",0.984
11/25/2021,"1,359,188",0.64,"509,782",0.624,"125,400",0.44,"69,900",0.27,"15,459",0.722,"861,084",0.954
11/24/2021,"3,091,878",0.585,"1,343,391",0.627,"165,300",0.58,"139,400",0.54,"21,002",0.763,"992,568",1.005
11/23/2021,"3,293,785",0.564,"1,424,890",0.618,"162,200",0.56,"136,600",0.53,"22,574",0.708,"989,345",0.992
11/22/2021,"3,137,259",0.548,"1,418,226",0.624,"156,900",0.54,"127,800",0.48,"21,441",0.717,"901,942",0.996
11/21/2021,"1,676,033",0.743,"674,551",0.724,"80,500",0.86,"66,900",0.83,,,"841,901",1.115
11/20/2021,"2,138,098",0.67,"861,772",0.635,"94,400",0.84,"82,900",0.86,,,"915,131",1.02
11/19/2021,"3,323,841",0.572,"1,429,787",0.653,"151,800",0.51,"127,100",0.47,"22,662",0.745,"987,149",1.009
11/18/2021,"3,419,760",0.57,"1,505,488",0.645,"157,400",0.55,"132,600",0.51,"24,071",0.742,"959,226",0.999
11/17/2021,"3,376,522",0.569,"1,501,740",0.645,"158,400",0.55,"131,100",0.51,"24,396",0.728,"915,266",0.986
11/16/2021,"3,348,316",0.568,"1,492,110",0.643,"161,400",0.56,"137,200",0.53,"23,694",0.725,"902,386",0.992
11/15/2021,"3,117,761",0.555,"1,437,414",0.661,"161,000",0.55,"132,200",0.5,"22,208",0.747,"890,524",1.009
11/14/2021,"1,704,908",0.7,"657,129",0.65,"72,500",0.78,"62,900",0.78,"12,460",0.657,"858,311",1.046
11/13/2021,"2,172,149",0.671,"815,114",0.619,"80,800",0.72,"74,300",0.77,"13,124",0.751,"869,112",0.962
11/12/2021,"3,164,764",0.538,"1,350,608",0.606,"141,700",0.47,"117,700",0.44,"21,598",0.69,"919,941",0.929
11/11/2021,"2,927,728",0.61,"1,198,235",0.661,"143,400",0.5,"122,900",0.47,"19,846",0.898,"895,643",1.054
11/10/2021,"3,359,437",0.576,"1,514,453",0.69,"159,300",0.56,"134,400",0.52,"24,608",0.763,"926,005",1.009
11/09/2021,"3,287,134",0.566,"1,518,264",0.692,"157,200",0.54,"134,100",0.52,"24,504",0.776,"898,518",1.012
11/08/2021,"3,072,454",0.528,"1,461,178",0.632,"159,700",0.55,"131,100",0.49,"22,136",0.735,"889,544",0.968
11/07/2021,"1,891,963",0.657,"614,513",0.62,"81,200",0.87,"72,200",0.9,"10,647",0.63,"780,686",1.005
11/06/2021,"2,198,274",0.679,"864,499",0.661,"84,900",0.75,"80,800",0.84,"13,672",0.771,"910,587",0.996
11/05/2021,"3,300,207",0.563,"1,457,014",0.667,"150,200",0.5,"121,800",0.45,"23,009",0.777,"966,007",0.985
11/04/2021,"3,291,525",0.546,"1,486,942",0.636,"151,400",0.53,"126,500",0.49,"24,009",0.745,"931,012",0.975
11/03/2021,"3,301,103",0.548,"1,507,287",0.634,"154,200",0.54,"131,000",0.51,"23,349",0.701,"901,230",0.963
11/02/2021,"2,853,901",0.515,"1,258,180",0.598,"147,800",0.51,"129,300",0.5,"22,016",0.722,"853,432",0.957
11/01/2021,"3,041,089",0.522,"1,448,304",0.626,"158,400",0.54,"131,300",0.49,"21,387",0.71,"898,451",0.978
10/31/2021,"1,748,679",0.695,"656,203",0.624,"68,700",0.73,"66,300",0.82,"12,233",0.63,"824,978",0.961
10/30/2021,"2,046,487",0.611,"819,620",0.591,"76,500",0.68,"69,300",0.72,"12,642",0.694,"854,656",0.923
10/29/2021,"3,258,376",0.547,"1,426,938",0.63,"153,300",0.51,"122,600",0.46,"22,477",0.743,"963,442",0.972
10/28/2021,"3,373,576",0.584,"1,515,489",0.698,"159,600",0.55,"132,200",0.51,"24,814",0.855,"959,835",1.083
10/27/2021,"3,307,634",0.549,"1,503,535",0.637,"155,900",0.54,"129,900",0.5,"24,144",0.752,"914,494",0.988
10/26/2021,"2,707,913",0.453,"1,233,660",0.531,"130,100",0.45,"104,500",0.4,"21,220",0.682,"738,636",0.809
10/25/2021,"3,001,962",0.521,"1,461,023",0.63,"158,300",0.54,"125,800",0.47,"21,724",0.752,"883,887",0.967
10/24/2021,"1,601,835",0.727,"659,283",0.756,"69,600",0.74,"68,200",0.85,"12,314",0.719,"883,371",1.137
10/23/2021,"2,079,731",0.623,"847,596",0.606,"74,700",0.66,"82,900",0.86,"13,556",0.76,"914,737",0.961
10/22/2021,"3,232,113",0.547,"1,471,199",0.641,"145,800",0.49,"126,600",0.47,"22,843",0.757,"986,548",0.98
10/21/2021,"3,275,195",0.535,"1,476,434",0.62,"149,900",0.52,"127,300",0.49,"24,007",0.748,"948,652",0.963
10/20/2021,"3,241,475",0.535,"1,525,608",0.636,"155,200",0.54,"131,100",0.51,"24,474",0.747,"916,246",0.969
10/19/2021,"3,185,458",0.549,"1,510,722",0.667,"153,400",0.53,"130,000",0.5,"23,403",0.78,"899,389",1.028
10/18/2021,"2,989,693",0.527,"1,461,843",0.638,"153,700",0.53,"127,400",0.48,"21,454",0.781,"889,996",1.018
10/17/2021,"1,631,844",0.67,"663,944",0.678,"74,800",0.8,"69,700",0.87,"12,564",0.674,"891,527",1.069
10/16/2021,"2,044,396",0.608,"856,990",0.62,"83,400",0.74,"74,900",0.78,"13,307",0.753,"896,392",0.939
10/15/2021,"3,233,854",0.539,"1,491,099",0.653,"150,900",0.5,"124,700",0.46,"23,251",0.772,"990,940",0.963
10/14/2021,"3,248,072",0.534,"1,527,543",0.66,"154,600",0.54,"126,800",0.49,"24,144",0.77,"952,876",0.983
10/13/2021,"3,164,655",0.541,"1,511,356",0.689,"151,300",0.53,"124,800",0.48,"24,396",0.784,"907,632",0.998
10/12/2021,"3,110,171",0.529,"1,514,608",0.644,"154,600",0.54,"128,200",0.49,"23,848",0.787,"910,639",0.996
10/11/2021,"2,267,498",0.532,"1,045,865",0.64,"131,700",0.45,"114,500",0.43,"16,917",0.889,"878,443",1.029
10/10/2021,"1,499,551",0.564,"601,821",0.558,"65,600",0.7,"59,000",0.73,"11,794",0.638,"806,025",0.9
10/09/2021,"2,052,746",0.628,"856,308",0.621,"84,600",0.75,"82,000",0.85,"13,634",0.779,"919,384",0.978
10/08/2021,"3,175,133",0.541,"1,473,912",0.646,"153,800",0.51,"123,600",0.46,"23,356",0.783,"1,001,210",0.97
10/07/2021,"3,198,045",0.529,"1,523,168",0.642,"150,100",0.52,"121,400",0.47,"24,571",0.781,"951,212",0.979
10/06/2021,"3,147,958",0.529,"1,532,668",0.634,"149,600",0.52,"123,100",0.48,"24,678",0.795,"913,993",0.987
10/05/2021,"3,098,187",0.541,"1,499,767",0.65,"150,200",0.52,"124,700",0.48,"23,644",0.778,"887,129",1.01
10/04/2021,"2,870,940",0.502,"1,419,155",0.604,"152,600",0.53,"121,300",0.46,"21,794",0.748,"871,945",0.964
10/03/2021,"1,577,642",0.626,"673,253",0.626,"74,900",0.8,"66,800",0.83,"12,936",0.672,"887,540",1.02
10/02/2021,"2,066,222",0.619,"883,902",0.628,"86,600",0.77,"80,900",0.84,"14,145",0.798,"923,455",0.987
10/01/2021,"3,169,206",0.528,"1,492,942",0.64,"140,000",0.47,"116,200",0.43,"23,098",0.773,"985,786",0.981
09/30/2021,"3,153,965",0.524,"1,516,081",0.657,"144,800",0.5,"121,800",0.47,"23,555",0.746,"953,501",1.018
09/29/2021,"3,070,509",0.516,"1,513,184",0.626,"137,500",0.48,"120,000",0.46,"23,323",0.751,"886,785",0.958
09/28/2021,"2,934,542",0.488,"1,457,421",0.611,"141,200",0.49,"118,300",0.45,"21,727",0.722,"831,192",0.901
09/27/2021,"2,880,083",0.5,"1,489,441",0.636,"146,200",0.5,"121,500",0.46,"21,209",0.757,"881,116",0.954
09/26/2021,"1,616,915",0.637,"657,257",0.601,"80,100",0.86,"64,900",0.81,"12,034",0.643,"895,286",0.975
09/25/2021,"2,132,211",0.664,"872,490",0.626,"88,500",0.78,"81,300",0.84,"13,909",0.817,"953,628",0.982
09/24/2021,"3,128,041",0.531,"1,469,705",0.637,"142,800",0.48,"116,700",0.43,"21,941",0.765,"986,694",0.966
09/23/2021,"3,022,830",0.498,"1,483,075",0.626,"140,100",0.49,"115,500",0.44,"23,031",0.753,"915,198",0.94
09/22/2021,"3,027,925",0.499,"1,506,211",0.627,"139,900",0.49,"120,100",0.46,"23,157",0.728,"872,883",0.921
09/21/2021,"3,025,310",0.503,"1,505,803",0.632,"142,700",0.49,"123,900",0.48,"22,399",0.745,"860,050",0.932
09/20/2021,"2,889,759",0.502,"1,481,676",0.632,"148,100",0.51,"122,100",0.46,"21,889",0.781,"895,109",0.97
09/19/2021,"1,598,720",0.611,"674,024",0.602,"69,400",0.74,"64,100",0.8,"12,612",0.674,"914,623",0.979
09/18/2021,"2,017,430",0.607,"871,175",0.611,"77,300",0.69,"76,300",0.79,"14,054",0.795,"949,178",0.975
09/17/2021,"3,034,676",0.507,"1,456,201",0.626,"142,100",0.47,"119,300",0.44,"23,282",0.807,"982,085",0.968
09/16/2021,"2,539,853",0.421,"1,210,069",0.5,"128,000",0.44,"107,700",0.41,"20,826",0.672,"864,413",0.882
09/15/2021,"2,993,744",0.499,"1,503,627",0.618,"139,900",0.49,"116,400",0.45,"23,966",0.746,"904,733",0.958
09/14/2021,"3,017,947",0.506,"1,511,145",0.624,"144,900",0.5,"120,500",0.46,"23,132",0.753,"908,024",0.975
09/13/2021,"2,858,929",0.503,"1,441,516",0.609,"147,800",0.51,"122,500",0.46,"21,898",0.775,"914,827",0.985
09/12/2021,"1,591,655",0.621,"694,561",0.626,"77,000",0.82,"59,000",0.73,"12,239",0.662,"899,864",0.979
09/11/2021,"1,985,273",0.633,"870,791",0.629,"82,200",0.73,"65,300",0.68,"13,070",0.774,"917,704",0.977
09/10/2021,"2,845,820",0.484,"1,322,430",0.564,"150,900",0.5,"113,500",0.42,"23,037",0.781,"995,486",0.98
09/09/2021,"2,708,091",0.455,"1,249,341",0.52,"139,500",0.48,"111,700",0.43,"23,653",0.761,"911,040",0.938
09/08/2021,"2,534,847",0.46,"1,192,895",0.547,"135,700",0.47,"110,900",0.43,"22,354",0.734,"896,020",0.956
09/07/2021,"2,238,469",0.421,"1,102,372",0.519,"137,600",0.48,"113,700",0.44,"21,143",0.738,"902,400",0.948
09/06/2021,"1,523,354",0.683,"733,947",0.774,"77,900",0.83,"51,300",0.19,"10,077",1.055,"812,884",1.096
09/05/2021,"1,416,893",0.568,"618,622",0.571,"71,000",0.76,"45,200",0.56,"11,931",0.637,"832,200",0.928
09/04/2021,"1,779,743",0.61,"834,456",0.623,"84,800",0.75,"57,100",0.59,"13,382",0.818,"927,358",0.985
09/03/2021,"2,394,842",0.488,"1,221,668",0.61,"139,800",0.47,"97,900",0.36,"22,585",0.845,"1,014,806",0.981
09/02/2021,"1,664,178",0.315,"1,188,941",0.57,"105,600",0.37,,,"21,179",0.758,"851,145",0.833
09/01/2021,"2,298,999",0.442,"1,086,148",0.537,"118,400",0.41,"90,600",0.35,"20,878",0.719,"811,053",0.858
08/31/2021,"2,537,974",0.487,"1,246,463",0.606,"133,600",0.46,"99,900",0.38,"22,724",0.806,"936,181",0.995
08/30/2021,"2,325,695",0.477,"1,182,908",0.61,"131,600",0.45,"97,100",0.37,"19,224",0.757,"911,105",0.984
08/29/2021,"1,400,642",0.561,"630,281",0.582,"68,800",0.74,"54,100",0.67,"11,558",0.617,"890,505",0.993
08/28/2021,"1,661,095",0.57,"776,489",0.58,"69,000",0.61,"56,200",0.58,"12,760",0.78,"890,293",0.946
08/27/2021,"2,392,602",0.487,"1,147,249",0.573,"119,700",0.4,"90,500",0.34,"21,211",0.794,"973,335",0.941
08/26/2021,"2,485,132",0.471,"1,222,996",0.587,"122,100",0.42,"91,000",0.35,"22,068",0.789,"950,534",0.931
08/25/2021,"2,503,420",0.482,"1,236,342",0.611,"127,400",0.44,"93,300",0.36,"23,351",0.804,"957,036",1.013
08/24/2021,"2,467,406",0.473,"1,234,884",0.6,"130,600",0.45,"98,300",0.38,"22,679",0.804,"942,935",1.002
08/23/2021,"2,056,731",0.422,"1,032,792",0.533,"110,000",0.38,"84,200",0.32,"18,809",0.741,"821,654",0.888
08/22/2021,"745,800",0.32,"369,246",0.335,"27,500",0.29,"16,100",0.2,"7,979",0.45,"489,334",0.527
08/21/2021,"1,716,439",0.592,"822,340",0.597,"72,800",0.65,"62,000",0.64,"13,046",0.79,"941,331",0.956
08/20/2021,"2,460,924",0.504,"1,183,308",0.623,"124,600",0.42,"99,500",0.37,"21,451",0.793,"969,814",0.958
08/19/2021,"2,444,495",0.479,"1,194,375",0.601,"117,400",0.41,"93,000",0.36,"21,838",0.772,"939,085",0.942
08/18/2021,"2,450,516",0.483,"1,210,760",0.612,"117,200",0.41,"97,900",0.38,"22,715",0.779,"917,872",0.964
08/17/2021,"2,432,692",0.476,"1,209,633",0.601,"120,700",0.42,"103,600",0.4,"22,245",0.785,"909,180",0.955
08/16/2021,"2,292,396",0.475,"1,170,216",0.61,"123,900",0.43,"100,300",0.38,"20,087",0.773,"910,779",0.968
08/15/2021,"1,430,620",0.629,"661,705",0.608,"73,000",0.78,"54,400",0.68,"12,395",0.691,"918,288",1.007
08/14/2021,"1,718,222",0.6,"811,826",0.587,"75,700",0.67,"57,700",0.6,"13,157",0.793,"904,780",0.955
08/13/2021,"2,434,624",0.485,"1,189,426",0.601,"123,800",0.41,"91,900",0.34,"21,336",0.788,"973,883",0.966
08/12/2021,"2,453,353",0.461,"1,223,666",0.596,"119,700",0.42,"90,800",0.35,"22,427",0.779,"965,578",0.968
08/11/2021,"2,480,877",0.473,"1,246,306",0.615,"119,700",0.42,"94,700",0.37,"23,338",0.778,"931,264",0.983
08/10/2021,"2,447,231",0.476,"1,245,670",0.631,"122,500",0.42,"95,300",0.37,"23,079",0.818,"905,508",0.999
08/09/2021,"2,294,279",0.456,"1,183,050",0.595,"109,900",0.38,"95,600",0.36,"20,540",0.784,"891,525",0.942
08/08/2021,"1,333,885",0.538,"598,574",0.544,"61,100",0.65,"54,300",0.68,"11,934",0.67,"843,489",0.922
08/07/2021,"1,780,458",0.589,"836,715",0.607,"76,800",0.68,"67,300",0.7,"14,108",0.83,"923,751",0.944
08/06/2021,"2,523,944",0.488,"1,222,343",0.607,"123,200",0.41,"101,200",0.38,"22,179",0.81,"979,833",0.958
08/05/2021,"2,534,287",0.466,"1,259,332",0.599,"120,000",0.42,"98,300",0.38,"22,610",0.778,"956,306",0.956
08/04/2021,"2,534,018",0.482,"1,257,876",0.632,"123,700",0.43,"99,300",0.38,"23,611",0.803,"921,068",1.006
08/03/2021,"2,489,064",0.465,"1,262,043",0.597,"123,900",0.43,"103,200",0.4,"22,828",0.783,"904,753",0.968
08/02/2021,"2,338,722",0.455,"1,208,484",0.586,"126,200",0.43,"102,300",0.38,"19,824",0.739,"903,514",0.96
08/01/2021,"1,351,294",0.552,"629,963",0.557,"66,000",0.71,"52,000",0.65,"11,627",0.63,"869,092",0.939
07/31/2021,"1,841,007",0.612,"857,333",0.614,"85,400",0.76,"67,100",0.7,"13,932",0.836,"953,445",1.015
07/30/2021,"2,562,489",0.491,"1,235,623",0.603,"131,900",0.44,"103,500",0.39,"22,127",0.808,"988,596",0.97
07/29/2021,"2,433,507",0.445,"1,186,642",0.551,"120,300",0.42,"94,700",0.36,"22,164",0.767,"918,380",0.91
07/28/2021,"2,539,760",0.474,"1,276,296",0.624,"126,800",0.44,"100,000",0.39,"23,145",0.786,"932,094",0.987
07/27/2021,"2,493,079",0.462,"1,267,804",0.598,"128,300",0.44,"103,000",0.4,"22,609",0.781,"918,908",0.969
07/26/2021,"2,323,169",0.451,"1,219,135",0.591,"129,900",0.45,"101,300",0.38,"19,910",0.754,"907,205",0.961
07/25/2021,"1,364,830",0.56,"625,645",0.556,"66,400",0.71,"53,100",0.66,"11,419",0.631,"864,361",0.908
07/24/2021,"1,852,402",0.607,"856,250",0.612,"84,900",0.75,"68,600",0.71,"14,042",0.831,"950,568",0.966
07/23/2021,"2,557,043",0.481,"1,219,255",0.598,"130,500",0.44,"101,100",0.38,"22,314",0.808,"985,198",0.949
07/22/2021,"2,587,338",0.465,"1,279,778",0.595,"127,300",0.44,"102,300",0.39,"23,122",0.788,"963,493",0.95
07/21/2021,"2,509,502",0.448,"1,225,595",0.562,"121,500",0.42,"104,900",0.41,"22,865",0.752,"914,902",0.934
07/20/2021,"2,467,017",0.467,"1,217,802",0.6,"125,800",0.44,"107,000",0.41,"22,213",0.765,"924,495",1.01
07/19/2021,"2,332,473",0.461,"1,208,792",0.607,"126,700",0.44,"103,400",0.39,"20,276",0.77,"897,298",0.983
07/18/2021,"1,405,344",0.645,"640,618",0.621,"67,400",0.72,"56,200",0.7,"11,313",0.732,"838,604",0.96
07/17/2021,"1,717,480",0.649,"795,347",0.626,"73,000",0.65,"64,500",0.67,"13,228",0.882,"897,001",0.97
07/16/2021,"2,541,195",0.488,"1,219,118",0.594,"123,500",0.41,"104,300",0.39,"21,730",0.806,"983,846",0.957
07/15/2021,"2,586,791",0.478,"1,275,846",0.624,"125,600",0.44,"105,200",0.4,"23,772",0.82,"971,048",0.993
07/14/2021,"2,522,633",0.46,"1,260,044",0.596,"120,500",0.42,"101,800",0.39,"23,662",0.775,"919,213",0.971
07/13/2021,"2,462,643",0.444,"1,239,045",0.572,"123,400",0.43,"105,300",0.41,"22,286",0.743,"895,705",0.937
07/12/2021,"2,249,975",0.425,"1,171,521",0.559,"120,500",0.41,"99,000",0.37,"20,623",0.764,"866,231",0.912
07/11/2021,"1,367,403",0.561,"635,511",0.563,"62,600",0.67,"53,200",0.66,"11,725",0.652,"830,775",0.875
07/10/2021,"1,783,921",0.588,"855,908",0.589,"73,000",0.65,"64,400",0.67,"14,518",0.847,"925,950",0.931
07/09/2021,"2,322,712",0.43,"1,115,969",0.548,"109,400",0.37,"88,300",0.33,"20,632",0.743,"888,932",0.874
07/08/2021,"2,369,035",0.431,"1,164,513",0.56,"116,300",0.4,"93,200",0.36,"22,941",0.774,"897,858",0.925
07/07/2021,"2,442,092",0.438,"1,234,617",0.566,"122,600",0.43,"99,100",0.38,"23,637",0.786,"926,634",0.966
07/06/2021,"2,306,692",0.422,"1,181,416",0.544,"127,900",0.44,"100,500",0.39,"22,648",0.76,"903,777",0.952
07/05/2021,"1,497,714",0.647,"770,321",0.699,"78,400",0.84,"59,700",0.22,"10,303",0.569,"838,087",0.907
07/04/2021,"1,470,325",0.54,"615,001",0.551,"70,200",0.75,"63,900",0.8,"12,816",0.984,"773,629",0.883
07/03/2021,"1,543,756",0.595,"738,089",0.578,"63,800",0.57,"57,400",0.59,"12,676",0.874,"777,262",0.979
07/02/2021,"2,300,302",0.59,"1,121,116",0.637,"116,500",0.39,"94,300",0.35,"21,489",0.968,"920,188",1.076
07/01/2021,"2,297,059",0.418,"1,104,516",0.531,"114,400",0.4,"90,000",0.35,"22,011",0.743,"933,638",1.214
06/30/2021,"2,350,864",0.45,"1,139,886",0.547,"119,400",0.42,"99,500",0.38,"23,001",0.769,"945,822",0.937
06/29/2021,"2,348,456",0.44,"1,169,268",0.562,"119,400",0.41,"97,800",0.38,"21,612",0.732,"930,011",0.982
06/28/2021,"2,256,926",0.433,"1,152,019",0.564,"122,300",0.42,"101,500",0.38,"20,503",0.769,"924,740",0.965
06/27/2021,"1,561,403",0.517,"656,004",0.596,"75,100",0.8,"62,400",0.78,"11,883",0.696,"900,039",0.965
06/26/2021,"1,855,861",0.582,"841,585",0.631,"76,600",0.68,"66,700",0.69,"13,520",0.841,"950,086",0.982
06/25/2021,"2,587,425",0.473,"1,214,123",0.609,"126,700",0.42,"100,500",0.37,"22,400",0.803,"988,675",0.945
06/24/2021,"2,557,684",0.452,"1,248,843",0.599,"121,500",0.42,"100,500",0.39,"22,842",0.771,"978,351",0.937
06/23/2021,"2,552,443",0.44,"1,264,095",0.56,"121,900",0.43,"101,900",0.39,"24,223",0.788,"946,870",0.932
06/22/2021,"2,359,521",0.427,"1,172,110",0.557,"116,200",0.4,"97,600",0.38,"22,293",0.747,"896,868",0.938
06/21/2021,"2,268,969",0.419,"1,191,844",0.561,"123,900",0.43,"95,700",0.36,"20,512",0.755,"926,300",0.945
06/20/2021,"1,389,352",0.529,"652,557",0.581,"77,000",0.82,"60,900",0.76,"13,189",0.705,"951,631",0.983
06/19/2021,"1,784,312",0.541,"841,519",0.6,"76,500",0.68,"66,100",0.69,"13,949",0.802,"952,944",0.95
06/18/2021,"2,576,562",0.464,"1,235,675",0.661,"122,800",0.41,"104,300",0.39,"22,491",0.788,"989,296",0.964
06/17/2021,"2,557,486",0.449,"1,281,552",0.628,"121,600",0.42,"98,400",0.38,"23,292",0.778,"973,485",0.974
06/16/2021,"2,524,189",0.44,"1,288,040",0.587,"119,200",0.42,"94,700",0.37,"24,788",0.794,"945,955",0.975
06/15/2021,"2,474,710",0.441,"1,277,203",0.608,"117,600",0.41,"96,700",0.37,"23,460",0.778,"917,933",0.987
06/14/2021,"2,227,391",0.408,"1,176,722",0.54,"115,300",0.4,"91,100",0.34,"21,568",0.792,"869,235",0.915
06/13/2021,"1,379,959",0.592,"647,385",0.618,"59,200",0.63,"51,700",0.64,"12,047",0.646,"887,098",0.952
06/12/2021,"1,775,538",0.555,"849,178",0.595,"68,200",0.6,"61,500",0.64,"14,450",0.805,"919,318",0.91
06/11/2021,"2,472,629",0.433,"1,221,484",0.547,"118,300",0.39,"94,600",0.35,"23,324",0.807,"968,763",0.93
06/10/2021,"2,478,619",0.434,"1,276,901",0.585,"113,200",0.39,"91,300",0.35,"23,498",0.796,"951,274",0.979
06/09/2021,"2,390,612",0.406,"1,259,005",0.54,"107,900",0.38,"90,600",0.35,"23,868",0.745,"908,563",0.927
06/08/2021,"2,270,152",0.394,"1,175,335",0.525,"108,300",0.38,"88,000",0.34,"22,948",0.781,"878,376",0.915
06/07/2021,"2,227,613",0.422,"1,200,737",0.585,"112,100",0.39,"89,400",0.34,"21,511",0.826,"897,208",1.022
06/06/2021,"1,363,344",0.526,"654,780",0.603,"61,900",0.66,"51,500",0.64,"12,514",0.698,"921,829",1.034
06/05/2021,"1,792,204",0.548,"874,545",0.618,"72,800",0.65,"62,700",0.65,"14,636",0.819,"946,758",0.977
06/04/2021,"2,314,340",0.408,"1,160,335",0.52,"104,600",0.35,"88,900",0.33,"22,743",0.787,"930,743",0.903
06/03/2021,"2,238,336",0.391,"1,143,159",0.528,"102,800",0.36,"84,800",0.33,"23,026",0.772,"895,524",0.891
06/02/2021,"2,348,517",0.408,"1,249,102",0.547,"112,500",0.39,"90,800",0.35,"24,325",0.787,"910,385",0.943
06/01/2021,"2,263,536",0.409,"1,230,127",0.583,"114,800",0.4,"94,900",0.37,"22,308",0.753,"907,698",0.954
05/31/2021,"1,391,302",0.534,"702,801",0.61,"102,300",0.32,"63,000",0.22,"10,380",0.962,"756,187",0.791
05/30/2021,"1,066,132",0.421,"484,864",0.447,"43,400",0.45,"47,200",0.45,"10,028",0.555,"664,029",0.741
05/29/2021,"1,371,467",0.432,"648,192",0.456,"54,800",0.46,"71,700",0.48,"11,734",0.676,"744,860",0.771
05/28/2021,"2,236,646",0.388,"1,135,369",0.513,"112,800",0.35,"89,300",0.31,"21,520",0.771,"931,760",0.888
05/27/2021,"2,356,638",0.41,"1,246,269",0.57,"117,300",0.37,"90,600",0.32,"23,450",0.819,"970,920",0.995
05/26/2021,"2,280,311",0.4,"1,241,052",0.563,"114,500",0.36,"86,700",0.3,"23,594",0.802,"921,084",0.972
05/25/2021,"2,275,628",0.419,"1,253,998",0.576,"110,900",0.35,"85,900",0.3,"22,854",0.807,"902,577",0.975
05/24/2021,"2,123,129",0.383,"1,192,453",0.536,"105,500",0.33,"80,800",0.28,"21,563",0.758,"869,940",1.105
05/23/2021,"1,270,286",0.499,"645,466",0.607,"58,000",0.59,"63,700",0.61,"11,765",0.638,"885,740",1.01
05/22/2021,"1,647,055",0.547,"839,877",0.63,"66,300",0.56,"94,500",0.63,"13,397",0.846,"911,148",1.009
05/21/2021,"2,336,140",0.431,"1,221,591",0.555,"110,100",0.34,"90,900",0.32,"22,520",0.81,"965,528",0.919
05/20/2021,"2,273,912",0.4,"1,243,965",0.568,"106,600",0.33,"82,700",0.29,"23,659",0.796,"931,659",0.919
05/19/2021,"2,261,916",0.384,"1,253,578",0.539,"104,800",0.33,"82,700",0.29,"23,784",0.761,"915,644",0.923
05/18/2021,"2,154,370",0.368,"1,215,676",0.524,"100,400",0.31,"80,300",0.28,"22,367",0.744,"838,307",0.865
05/17/2021,"2,026,574",0.363,"1,157,960",0.51,"98,500",0.31,"77,300",0.27,"20,779",0.753,"810,018",0.838
05/16/2021,"1,201,918",0.458,"621,750",0.557,"49,200",0.5,"56,800",0.55,"11,062",0.592,"814,177",0.859
05/15/2021,"1,637,242",0.481,"844,096",0.592,"63,100",0.53,"91,100",0.6,"13,516",0.766,"891,574",0.896
05/14/2021,"2,270,937",0.396,"1,220,112",0.545,"104,900",0.33,"85,700",0.3,"22,437",0.785,"947,064",0.898
05/13/2021,"2,167,164",0.366,"1,182,347",0.508,"103,000",0.32,"80,000",0.28,"23,439",0.778,"918,259",0.9
05/12/2021,"2,186,470",0.371,"1,238,990",0.526,"98,900",0.31,"77,900",0.27,"23,946",0.749,"887,381",0.907
05/11/2021,"2,152,549",0.373,"1,231,886",0.533,"97,400",0.3,"75,400",0.26,"22,751",0.769,"873,176",0.931
05/10/2021,"1,993,889",0.366,"1,149,109",0.541,"96,800",0.3,"73,300",0.26,"20,751",0.788,"844,563",0.933
05/09/2021,"1,108,734",0.535,"576,000",0.691,"54,100",0.55,"59,300",0.57,"13,897",0.709,"854,809",1.003
05/08/2021,"1,444,674",0.449,"779,188",0.543,"56,300",0.48,"78,700",0.52,"13,339",0.735,"854,156",0.861
05/07/2021,"2,241,860",0.398,"1,222,741",0.541,"101,600",0.32,"83,100",0.29,"22,730",0.798,"936,747",0.919
05/06/2021,"2,204,111",0.374,"1,258,536",0.532,"94,200",0.3,"76,000",0.27,"23,792",0.772,"905,604",0.917
05/05/2021,"2,078,394",0.354,"1,158,445",0.484,"92,000",0.29,"70,300",0.25,"23,236",0.729,"841,968",0.875
05/04/2021,"2,124,252",0.365,"1,227,250",0.519,"93,100",0.29,"72,300",0.25,"22,962",0.742,"851,039",0.909
05/03/2021,"1,974,754",0.35,"1,165,505",0.511,"91,100",0.29,"67,100",0.23,"21,492",0.759,"828,506",0.893
05/02/2021,"1,153,471",0.495,"620,063",0.738,"41,800",0.43,"51,300",0.49,"11,541",0.659,"809,865",1.016
05/01/2021,"1,515,211",0.469,"818,655",0.59,"51,100",0.43,"76,300",0.51,"13,263",0.754,"849,633",0.909
04/30/2021,"2,163,175",0.377,"1,185,321",0.531,"93,500",0.3,"77,700",0.27,"22,322",0.778,"922,720",0.913
04/29/2021,"2,032,405",0.345,"1,166,096",0.497,"88,700",0.29,"69,000",0.24,"22,201",0.749,"873,037",0.888
04/28/2021,"2,139,820",0.368,"1,227,777",0.522,"92,100",0.3,"72,900",0.25,"24,411",0.792,"888,723",0.933
04/27/2021,"2,045,718",0.355,"1,198,299",0.524,"89,000",0.29,"69,300",0.24,"22,603",0.763,"839,788",0.904
04/26/2021,"1,959,131",0.352,"1,156,913",0.515,"89,300",0.29,"68,600",0.24,"21,083",0.774,"826,605",0.913
04/25/2021,"985,027",0.407,"540,989",0.545,"34,100",0.37,"37,100",0.36,"9,777",0.56,"695,863",0.831
04/24/2021,"1,520,057",0.465,"809,163",0.605,"51,600",0.45,"78,900",0.53,"13,351",0.814,"854,964",0.927
04/23/2021,"2,125,087",0.421,"1,184,193",0.677,"92,800",0.3,"76,100",0.27,"22,035",0.868,"920,588",1.02
04/22/2021,"2,044,069",0.374,"1,166,357",0.59,"86,600",0.28,"67,600",0.24,"21,832",0.78,"871,573",0.925
04/21/2021,"1,969,710",0.362,"1,139,762",0.565,"83,500",0.27,"66,000",0.23,"22,379",0.763,"828,447",0.88
04/20/2021,"2,086,630",0.384,"1,223,642",0.604,"90,000",0.29,"72,000",0.25,"23,528",0.85,"860,511",0.924
04/19/2021,"1,914,960",0.387,"1,147,977",0.632,"87,200",0.28,"67,400",0.23,"21,274",0.891,"816,540",0.888
04/18/2021,"1,082,503",0.437,"607,333",0.614,"38,300",0.42,"48,200",0.47,"10,865",0.583,"753,446",0.856
04/17/2021,"1,425,036",0.434,"803,352",0.573,"49,900",0.44,"72,600",0.49,"13,313",0.754,"813,162",0.963
04/16/2021,"2,082,447",0.364,"1,157,507",0.518,"87,200",0.28,"73,600",0.26,"21,632",0.743,"889,711",0.922
04/15/2021,"1,910,326",0.324,"1,083,083",0.481,"81,800",0.26,"63,800",0.22,"21,198",0.715,"822,207",0.822
04/14/2021,"2,021,936",0.338,"1,199,954",0.513,"86,700",0.28,"69,900",0.24,"23,462",0.747,"852,606",0.881
04/13/2021,"2,016,030",0.34,"1,196,355",0.509,"87,200",0.28,"67,600",0.24,"22,728",0.755,"832,482",0.88
04/12/2021,"1,849,254",0.333,"1,087,799",0.496,"83,100",0.27,"63,900",0.22,"21,192",0.758,"793,402",0.873
04/11/2021,"900,666",0.364,"504,407",0.51,"32,000",0.35,"35,600",0.35,"9,742",0.523,"666,435",0.782
04/10/2021,"1,392,745",0.424,"790,023",0.564,"46,000",0.4,"66,800",0.45,"12,713",0.72,"822,112",0.868
04/09/2021,"2,030,410",0.355,"1,144,311",0.512,"87,100",0.28,"71,000",0.25,"21,978",0.755,"895,229",0.894
04/08/2021,"2,017,306",0.346,"1,177,833",0.503,"86,700",0.28,"68,000",0.24,"22,579",0.719,"877,834",0.903
04/07/2021,"1,989,179",0.339,"1,172,362",0.499,"85,500",0.28,"66,700",0.23,"23,469",0.734,"858,593",0.903
04/06/2021,"1,946,071",0.338,"1,155,101",0.499,"85,800",0.28,"66,200",0.23,"21,695",0.717,"840,351",0.919
04/05/2021,"1,822,134",0.328,"1,088,750",0.476,"87,000",0.28,"67,700",0.24,"19,970",0.705,"832,239",0.914
04/04/2021,"951,260",0.406,"519,812",0.522,"40,900",0.45,"47,700",0.46,"11,632",0.601,"749,910",0.839
04/03/2021,"1,319,964",0.466,"750,682",0.628,"47,700",0.42,"68,800",0.46,"12,735",0.861,"779,701",0.832
04/02/2021,"1,760,768",0.37,"958,085",0.543,"79,800",0.26,"66,800",0.23,"18,839",0.77,"845,252",0.868
04/01/2021,"1,845,249",0.312,"1,030,209",0.436,"77,300",0.25,"55,500",0.19,"20,490",0.652,"856,466",0.878
03/31/2021,"1,812,072",0.308,"995,873",0.419,"84,900",0.27,"61,600",0.22,"20,374",0.631,"833,052",0.892
03/30/2021,"1,885,343",0.327,"1,079,381",0.46,"91,300",0.29,"65,600",0.24,"21,019",0.703,"842,154",0.929
03/29/2021,"1,745,540",0.314,"1,002,597",0.437,"86,500",0.28,"62,400",0.23,"18,543",0.65,"763,647",0.851
03/28/2021,"807,247",0.357,"459,949",0.465,"28,300",0.33,"29,900",0.32,"9,104",0.522,"601,860",0.737
03/27/2021,"1,374,266",0.423,"781,981",0.559,"47,500",0.44,"63,600",0.47,"12,900",0.747,"841,595",0.906
03/26/2021,"1,941,782",0.347,"1,091,753",0.49,"84,400",0.27,"64,500",0.23,"20,805",0.727,"865,970",0.878
03/25/2021,"1,929,515",0.333,"1,127,964",0.484,"83,600",0.27,"61,200",0.22,"21,763",0.713,"847,633",0.876
03/24/2021,"1,831,662",0.32,"1,075,968",0.466,"79,600",0.25,"56,500",0.2,"21,651",0.688,"794,315",0.858
03/23/2021,"1,883,301",0.331,"1,133,504",0.483,"83,100",0.27,"58,700",0.21,"21,590",0.712,"810,243",0.895
03/22/2021,"1,805,084",0.333,"1,095,241",0.485,"84,200",0.27,"61,100",0.22,"20,427",0.717,"788,542",0.887
03/21/2021,"1,013,386",0.419,"579,358",0.538,"34,700",0.4,"37,600",0.4,"10,358",0.561,"735,673",0.844
03/20/2021,"1,307,403",0.432,"768,908",0.579,"41,700",0.39,"54,900",0.4,"12,558",0.761,"787,777",0.89
03/19/2021,"1,910,080",0.347,"1,083,647",0.506,"80,000",0.26,"60,700",0.22,"20,357",0.724,"863,187",0.896
03/18/2021,"1,774,375",0.319,"1,019,472",0.467,"76,500",0.24,"55,400",0.2,"20,264",0.693,"799,478",0.87
03/17/2021,"1,869,879",0.328,"1,103,979",0.471,"81,400",0.26,"58,400",0.21,"22,323",0.7,"808,876",0.876
03/16/2021,"1,801,682",0.32,"1,062,179",0.456,"77,700",0.25,"56,400",0.2,"20,903",0.683,"786,996",0.866
03/15/2021,"1,733,288",0.321,"1,023,990",0.455,"79,300",0.25,"55,800",0.2,"19,986",0.714,"774,146",0.867
03/14/2021,"923,968",0.379,"531,754",0.516,"30,400",0.35,"31,800",0.34,"9,732",0.533,"673,170",0.798
03/13/2021,"1,257,372",0.394,"730,218",0.539,"38,500",0.36,"52,300",0.39,"11,932",0.705,"776,744",0.858
03/12/2021,"1,917,972",0.34,"1,092,388",0.49,"82,400",0.26,"63,200",0.23,"21,724",0.748,"873,014",0.875
03/11/2021,"1,885,584",0.324,"1,107,502",0.47,"80,400",0.26,"59,000",0.21,"22,617",0.723,"836,773",0.867
03/10/2021,"1,852,702",0.32,"1,104,610",0.47,"78,100",0.25,"58,100",0.21,"22,774",0.711,"804,700",0.866
03/09/2021,"1,837,670",0.319,"1,101,988",0.473,"79,300",0.25,"57,700",0.21,"22,200",0.724,"791,512",0.872
03/08/2021,"1,722,930",0.31,"1,039,763",0.454,"79,400",0.25,"56,100",0.2,"20,685",0.718,"767,707",0.85
03/07/2021,"894,177",0.423,"525,930",0.586,"29,300",0.34,"30,700",0.33,"9,843",0.573,"662,461",0.861
03/06/2021,"1,167,887",0.375,"696,719",0.51,"37,200",0.34,"45,300",0.33,"11,951",0.684,"728,236",0.813
03/05/2021,"1,829,185",0.322,"1,041,408",0.469,"79,100",0.25,"58,600",0.21,"21,842",0.753,"846,071",0.859
03/04/2021,"1,812,200",0.314,"1,078,036",0.476,"78,600",0.25,"55,100",0.2,"21,727",0.7,"807,284",0.861
03/03/2021,"1,850,000",0.325,"1,119,137",0.5,"78,800",0.25,"55,500",0.2,"22,823",0.724,"798,577",0.881
03/02/2021,"1,752,983",0.306,"1,024,511",0.447,"75,300",0.24,"51,600",0.19,"20,640",0.673,"763,489",0.851
03/01/2021,"1,699,607",0.394,"1,020,837",0.645,"74,400",0.24,"51,300",0.19,"20,359",0.86,"747,909",1.09
02/28/2021,"811,043",0.361,"491,545",0.502,"23,800",0.3,"27,700",0.3,"8,910",0.531,"619,960",0.788
02/27/2021,"1,074,256",0.377,"635,820",0.508,"28,800",0.29,"38,900",0.3,"11,319",0.627,"681,969",0.81
02/26/2021,"1,826,171",0.331,"1,065,376",0.495,"76,700",0.25,"56,500",0.21,"21,911",0.687,"851,052",0.885
02/25/2021,"1,801,708",0.317,"1,069,420",0.482,"75,000",0.25,"53,400",0.2,"22,138",0.68,"814,611",0.879
02/24/2021,"1,809,852",0.322,"1,099,351",0.489,"74,800",0.24,"53,500",0.2,"23,223",0.695,"797,488",0.897
02/23/2021,"1,733,604",0.311,"1,040,398",0.468,"73,500",0.24,"51,600",0.19,"20,852",0.65,"759,850",0.87
02/22/2021,"1,585,133",0.293,"927,414",0.417,"69,700",0.23,"48,900",0.18,"19,015",0.628,"691,608",0.804
02/21/2021,"837,051",0.368,"516,715",0.511,"25,200",0.32,"27,300",0.3,"9,195",0.458,"605,395",0.761
02/20/2021,"1,111,970",0.38,"679,240",0.539,"30,900",0.31,"41,200",0.31,"10,578",0.602,"657,045",0.79
02/19/2021,"1,568,728",0.303,"809,308",0.43,"64,100",0.21,"48,700",0.18,"14,172",0.475,"608,152",0.654
02/18/2021,"1,384,407",0.258,"725,951",0.365,"58,000",0.19,"43,000",0.16,"15,843",0.502,"456,327",0.503
02/17/2021,"1,736,509",0.324,"1,061,711",0.522,"74,200",0.24,"53,700",0.2,"22,336",0.68,"821,333",0.931
02/16/2021,"1,630,739",0.317,"963,223",0.496,"72,700",0.24,"49,900",0.19,"19,126",0.615,"726,224",0.847
02/15/2021,"1,220,357",0.381,"726,412",0.533,"65,700",0.21,"30,000",0.33,"11,437",0.7,"641,883",0.812
02/14/2021,"858,877",0.368,"479,319",0.494,"23,400",0.29,"28,200",0.31,"7,835",0.405,"551,288",0.728
02/13/2021,"1,093,261",0.393,"656,637",0.579,"29,300",0.3,"40,800",0.31,"11,669",0.71,"666,722",0.81
02/12/2021,"1,709,253",0.308,"965,421",0.458,"72,100",0.24,"53,700",0.2,"20,165",0.652,"803,912",0.822
02/11/2021,"1,717,804",0.303,"1,005,348",0.455,"70,200",0.23,"50,500",0.19,"20,144",0.612,"755,367",0.825
02/10/2021,"1,753,405",0.315,"1,052,021",0.464,"71,300",0.23,"50,100",0.19,"22,169",0.648,"769,088",0.874
02/09/2021,"1,669,590",0.298,"992,290",0.445,"69,500",0.23,"47,600",0.18,"19,386",0.59,"682,085",0.792
02/08/2021,"1,642,828",0.305,"964,007",0.449,"71,000",0.23,"50,900",0.19,"17,786",0.591,"701,146",0.829
02/07/2021,"653,257",0.29,"367,095",0.37,"17,100",0.22,"19,400",0.21,"7,115",0.363,"340,122",0.444
02/06/2021,"1,149,757",0.386,"715,717",0.557,"29,200",0.3,"40,300",0.31,"12,020",0.664,"689,415",0.83
02/05/2021,"1,744,130",0.316,"1,001,775",0.475,"68,900",0.23,"51,300",0.19,"20,136",0.654,"766,091",0.837
02/04/2021,"1,789,214",0.316,"1,033,791",0.472,"71,300",0.23,"51,000",0.19,"20,328",0.633,"742,193",0.839
02/03/2021,"1,705,655",0.3,"949,695",0.415,"69,100",0.23,"49,700",0.18,"16,869",0.501,"656,614",0.749
02/02/2021,"1,007,502",0.18,"543,073",0.24,"22,800",0.07,"30,600",0.11,"8,155",0.252,"311,607",0.364
02/01/2021,"584,184",0.109,"337,228",0.154,"8,600",0.03,"16,700",0.06,"12,202",0.405,"156,759",0.183
01/31/2021,"723,473",0.323,"427,945",0.441,"23,100",0.28,"28,400",0.26,"8,616",0.436,"573,512",0.815
01/30/2021,"943,426",0.328,"566,837",0.453,"26,600",0.27,"40,800",0.26,"10,284",0.609,"652,550",0.826
01/29/2021,"1,514,326",0.28,"812,264",0.383,"65,100",0.22,"49,700",0.18,"19,047",0.611,"780,131",0.836
01/28/2021,"1,650,014",0.292,"950,205",0.432,"70,000",0.23,"52,000",0.19,"20,139",0.638,"768,600",0.891
01/27/2021,"1,663,376",0.295,"1,004,792",0.451,"70,400",0.23,"50,500",0.18,"19,841",0.609,"740,154",0.848
01/26/2021,"1,553,918",0.278,"911,579",0.408,"68,200",0.23,"49,300",0.18,"18,115",0.574,"653,068",0.764
01/25/2021,"1,595,694",0.304,"978,987",0.467,"73,100",0.24,"52,100",0.19,"19,991",0.675,"727,393",0.862
01/24/2021,"741,960",0.318,"458,203",0.457,"24,000",0.29,"29,000",0.27,"8,317",0.45,"560,522",0.733
01/23/2021,"998,665",0.383,"619,673",0.601,"27,900",0.29,"42,700",0.27,"10,536",0.657,"640,381",0.86
01/22/2021,"1,675,175",0.314,"1,018,584",0.492,"71,300",0.24,"54,000",0.19,"20,375",0.669,"787,474",0.848
01/21/2021,"1,656,100",0.304,"1,007,042",0.473,"71,200",0.24,"52,000",0.19,"19,925",0.628,"760,221",0.854
01/20/2021,"1,578,038",0.291,"921,371",0.432,"67,900",0.22,"50,000",0.18,"19,281",0.592,"712,711",0.822
01/19/2021,"1,639,243",0.308,"1,013,616",0.488,"72,600",0.24,"52,600",0.19,"21,049",0.672,"736,254",0.851
01/18/2021,"1,279,119",0.401,"766,926",0.588,"68,700",0.23,"31,900",0.11,"14,124",0.903,"689,251",0.865
01/17/2021,"798,564",0.35,"504,031",0.534,"24,200",0.29,"32,900",0.31,"9,880",0.581,"580,771",0.827
01/16/2021,"992,599",0.383,"645,625",0.636,"27,100",0.28,"43,400",0.28,"11,654",0.826,"631,135",0.981
01/15/2021,"1,630,098",0.305,"981,817",0.483,"70,200",0.23,"54,000",0.19,"21,819",0.716,"788,779",0.828
01/14/2021,"1,650,630",0.299,"1,017,757",0.473,"70,900",0.23,"52,500",0.19,"21,950",0.691,"754,071",0.833
01/13/2021,"1,644,812",0.298,"996,646",0.447,"70,600",0.23,"51,700",0.19,"22,720",0.683,"737,859",0.833
01/12/2021,"1,643,725",0.303,"997,279",0.459,"71,400",0.24,"52,100",0.19,"21,623",0.674,"730,831",0.849
01/11/2021,"1,571,330",0.301,"966,517",0.446,"72,300",0.24,"51,400",0.18,"21,089",0.705,"708,058",0.836
01/10/2021,"763,690",0.333,"501,437",0.504,"23,800",0.29,"29,300",0.27,"9,467",0.489,"564,543",0.746
01/09/2021,"991,218",0.33,"643,475",0.494,"27,000",0.28,"42,900",0.27,"12,023",0.656,"630,790",0.76
01/08/2021,"1,622,259",0.297,"982,175",0.46,"68,600",0.23,"51,500",0.18,"21,641",0.701,"754,548",0.826
01/07/2021,"1,614,248",0.295,"989,097",0.468,"69,700",0.23,"51,000",0.18,"21,571",0.684,"736,609",0.83
01/06/2021,"1,616,889",0.297,"996,123",0.465,"70,300",0.23,"50,800",0.18,"22,795",0.709,"726,679",0.852
01/05/2021,"1,600,910",0.296,"990,479",0.46,"70,400",0.23,"51,000",0.18,"21,641",0.685,"708,610",0.842
01/04/2021,"1,561,237",0.298,"964,597",0.461,"71,100",0.23,"50,900",0.18,"20,612",0.692,"688,045",0.827
01/03/2021,"653,915",0.287,"413,820",0.439,"20,800",0.25,"25,200",0.23,"9,745",0.523,"496,494",0.706
01/02/2021,"989,612",0.352,"608,686",0.513,"28,900",0.29,"44,500",0.28,"10,450",0.654,"624,765",0.845
01/01/2021,"614,497",0.266,"378,288",0.5,"29,000",0.1,"8,200",0.08,"5,960",0.698,"445,950",0.538
12/31/2020,"1,277,146",0.32,"780,869",0.49,"75,200",0.24,"21,600",0.2,"17,167",0.689,"704,297",0.86
12/30/2020,"1,585,476",0.366,"935,138",0.609,"79,300",0.25,"58,000",0.21,"20,922",0.85,"799,839",1.197
12/29/2020,"1,558,295",0.36,"918,291",0.598,"78,900",0.25,"56,200",0.2,"19,717",0.801,"759,864",0.959
12/28/2020,"1,513,195",0.349,"902,574",0.588,"81,600",0.26,"58,500",0.21,"18,820",0.765,"743,305",0.909
12/27/2020,"761,251",0.302,"469,973",0.499,"34,400",0.32,"33,200",0.31,"9,457",0.527,"594,862",0.761
12/26/2020,"880,184",0.282,"555,857",0.46,"36,000",0.28,"42,400",0.27,"9,094",0.599,"593,895",0.697
12/25/2020,"485,839",0.279,"312,707",0.468,"51,300",0.16,"7,300",0.07,"8,611",0.582,"476,547",0.535
12/24/2020,"1,314,656",0.36,"813,353",0.533,"75,800",0.24,"54,600",0.2,"15,928",0.717,"760,624",0.896
12/23/2020,"1,775,738",0.374,"1,033,609",0.565,"84,400",0.27,"59,700",0.21,"23,305",0.863,"864,271",1.129
12/22/2020,"1,764,202",0.372,"1,031,789",0.564,"82,000",0.26,"56,400",0.2,"22,820",0.845,"814,975",0.901
12/21/2020,"1,719,279",0.362,"1,011,638",0.553,"81,200",0.26,"56,800",0.2,"21,647",0.802,"777,049",0.839
12/20/2020,"822,001",0.308,"516,601",0.495,"32,600",0.31,"30,500",0.28,"9,585",0.483,"555,254",0.662
12/19/2020,"1,112,852",0.35,"669,751",0.529,"41,100",0.32,"46,600",0.3,"11,589",0.665,"651,814",0.718
12/18/2020,"1,738,727",0.307,"938,457",0.452,"74,900",0.24,"54,400",0.19,"17,537",0.562,"736,356",0.742
12/17/2020,"1,081,431",0.188,"525,802",0.257,"21,400",0.07,"17,600",0.06,"9,940",0.312,"297,298",0.305
12/16/2020,"1,571,978",0.265,"854,245",0.387,"68,100",0.22,"47,600",0.17,"19,296",0.575,"625,006",0.662
12/15/2020,"1,786,741",0.314,"1,076,717",0.527,"78,400",0.25,"54,600",0.2,"23,432",0.742,"819,063",0.946
12/14/2020,"1,587,068",0.277,"950,309",0.436,"75,000",0.24,"51,500",0.18,"21,333",0.706,"723,908",0.799
12/13/2020,"911,519",0.324,"579,527",0.55,"39,300",0.37,"36,800",0.34,"10,208",0.517,"659,446",0.784
12/12/2020,"1,091,372",0.316,"704,357",0.549,"41,800",0.33,"46,400",0.3,"12,307",0.692,"671,668",0.762
12/11/2020,"1,789,568",0.302,"1,053,576",0.499,"79,700",0.25,"55,900",0.2,"22,751",0.742,"821,871",0.839
12/10/2020,"1,764,682",0.29,"1,066,582",0.477,"76,800",0.24,"52,800",0.19,"22,845",0.7,"784,406",0.801
12/09/2020,"1,705,159",0.287,"1,017,090",0.46,"74,700",0.24,"50,900",0.18,"22,459",0.723,"749,886",0.85
12/08/2020,"1,544,078",0.26,"1,029,646",0.46,"75,000",0.24,"51,900",0.19,"22,177",0.678,"744,112",0.818
12/07/2020,"1,659,836",0.295,"1,018,044",0.495,"77,800",0.25,"52,600",0.19,"21,424",0.717,"729,674",0.833
12/06/2020,"879,278",0.329,"545,433",0.527,"35,100",0.33,"31,900",0.3,"9,904",0.505,"590,525",0.715
12/05/2020,"1,001,236",0.284,"619,735",0.469,"33,500",0.26,"37,900",0.24,"10,151",0.548,"572,557",0.639
12/04/2020,"1,704,749",0.286,"1,012,813",0.46,"72,100",0.23,"51,700",0.19,"21,960",0.709,"775,709",0.793
12/03/2020,"1,739,370",0.287,"1,056,963",0.463,"75,100",0.24,"52,000",0.19,"22,941",0.698,"767,310",0.795
12/02/2020,"1,703,245",0.285,"1,018,368",0.445,"73,600",0.23,"50,500",0.18,"22,712",0.673,"746,840",0.802
12/01/2020,"1,709,780",0.293,"1,051,162",0.471,"73,600",0.23,"50,200",0.18,"21,693",0.717,"752,069",0.839
11/30/2020,"1,462,166",0.277,"819,615",0.418,"80,000",0.24,"54,200",0.19,"19,751",0.753,"652,664",0.854
11/29/2020,"827,800",0.407,"545,820",0.666,"32,600",0.35,"34,400",0.33,"9,360",0.623,"631,799",0.869
11/28/2020,"1,034,026",0.371,"684,962",0.559,"37,800",0.33,"45,600",0.3,"10,808",0.757,"649,087",0.719
11/27/2020,"1,265,519",0.363,"812,188",0.573,"77,300",0.24,"12,300",0.12,"12,395",0.83,"671,214",0.836
11/26/2020,"653,123",0.308,"443,386",0.543,"72,600",0.22,"10,700",0.1,"12,151",0.568,"564,193",0.625
11/25/2020,"1,691,393",0.32,"1,032,401",0.482,"93,400",0.28,"67,200",0.23,"21,450",0.779,"853,222",0.864
11/24/2020,"1,739,107",0.298,"1,064,087",0.462,"89,800",0.27,"61,100",0.21,"22,814",0.716,"821,450",0.823
11/23/2020,"1,649,748",0.288,"1,002,977",0.441,"87,700",0.27,"59,500",0.21,"21,297",0.712,"755,375",0.834
11/22/2020,"818,055",0.363,"543,514",0.583,"31,000",0.33,"31,900",0.31,"10,694",0.59,"598,349",0.792
11/21/2020,"1,157,976",0.363,"750,818",0.553,"39,200",0.34,"51,200",0.34,"13,193",0.776,"742,369",0.828
11/20/2020,"1,803,896",0.311,"1,073,124",0.49,"87,400",0.27,"60,400",0.21,"22,945",0.754,"843,069",0.862
11/19/2020,"1,761,064",0.293,"1,058,467",0.454,"84,700",0.26,"57,800",0.2,"21,780",0.672,"800,461",0.833
11/18/2020,"1,791,183",0.302,"1,072,627",0.461,"84,100",0.26,"57,700",0.2,"23,390",0.698,"776,422",0.837
11/17/2020,"1,792,431",0.304,"1,094,353",0.471,"87,000",0.26,"58,600",0.2,"22,524",0.69,"764,725",0.841
11/16/2020,"1,745,282",0.311,"1,051,458",0.484,"89,500",0.27,"61,400",0.21,"21,851",0.735,"757,988",0.859
11/15/2020,"821,555",0.337,"524,515",0.519,"30,900",0.33,"32,900",0.32,"9,763",0.515,"596,389",0.727
11/14/2020,"1,215,491",0.376,"755,714",0.574,"41,400",0.36,"58,000",0.38,"12,928",0.74,"735,029",0.814
11/13/2020,"1,820,025",0.31,"1,061,880",0.476,"86,300",0.26,"61,000",0.21,"22,054",0.704,"821,059",0.829
11/12/2020,"1,780,212",0.3,"1,058,761",0.462,"86,200",0.26,"58,200",0.2,"22,059",0.674,"779,141",0.812
11/11/2020,"1,617,862",0.337,"968,853",0.534,"83,300",0.25,"21,200",0.2,"20,263",0.917,"713,640",0.778
11/10/2020,"1,840,750",0.316,"1,146,090",0.522,"91,500",0.28,"63,000",0.22,"23,138",0.717,"800,965",0.902
11/09/2020,"1,756,175",0.302,"1,099,361",0.501,"91,700",0.28,"62,400",0.22,"21,444",0.679,"773,217",0.91
11/08/2020,"928,516",0.369,"584,868",0.556,"38,500",0.41,"44,000",0.42,"10,474",0.54,"726,041",0.846
11/07/2020,"1,246,356",0.385,"749,502",0.573,"46,400",0.4,"66,300",0.44,"13,409",0.756,"790,712",0.865
11/06/2020,"1,840,860",0.314,"1,114,000",0.51,"89,500",0.27,"65,000",0.23,"22,659",0.765,"858,167",0.875
11/05/2020,"1,797,589",0.298,"1,125,820",0.481,"87,000",0.26,"59,900",0.21,"22,937",0.711,"818,991",0.858
11/04/2020,"1,693,937",0.281,"1,083,036",0.455,"81,600",0.25,"56,400",0.2,"22,174",0.666,"754,704",0.806
11/03/2020,"1,606,096",0.29,"1,017,551",0.484,"82,100",0.25,"58,100",0.2,"20,416",0.67,"720,562",0.808
11/02/2020,"1,751,443",0.301,"1,064,298",0.46,"87,200",0.27,"59,400",0.21,"21,127",0.701,"772,129",0.84
11/01/2020,"786,678",0.273,"510,667",0.515,"29,500",0.31,"35,500",0.34,"10,180",0.602,"660,915",0.851
10/31/2020,"1,174,079",0.35,"724,129",0.522,"41,500",0.37,"63,600",0.42,"12,816",0.703,"743,811",0.803
10/30/2020,"1,771,288",0.297,"1,004,498",0.444,"84,300",0.27,"65,900",0.23,"21,243",0.702,"824,680",0.832
10/29/2020,"1,708,611",0.296,"974,119",0.448,"81,800",0.26,"60,300",0.21,"20,925",0.721,"776,467",0.876
10/28/2020,"1,823,028",0.303,"1,109,591",0.47,"86,700",0.28,"64,000",0.22,"23,258",0.725,"801,966",0.866
10/27/2020,"1,818,884",0.304,"1,138,746",0.49,"87,400",0.28,"64,400",0.22,"21,870",0.703,"789,371",0.864
10/26/2020,"1,694,080",0.294,"1,058,119",0.456,"86,700",0.28,"64,800",0.22,"20,817",0.72,"760,604",0.832
10/25/2020,"885,001",0.402,"576,930",0.662,"33,700",0.37,"45,000",0.43,"10,074",0.588,"725,809",0.934
10/24/2020,"1,185,612",0.355,"780,710",0.558,"43,600",0.38,"72,200",0.47,"12,916",0.724,"805,454",0.846
10/23/2020,"1,846,268",0.312,"1,128,035",0.492,"89,900",0.29,"71,100",0.24,"21,766",0.722,"881,995",0.876
10/22/2020,"1,829,135",0.299,"1,146,065",0.481,"88,700",0.28,"67,000",0.23,"22,391",0.697,"845,064",0.858
10/21/2020,"1,816,797",0.3,"1,147,375",0.478,"86,200",0.27,"65,200",0.22,"22,959",0.701,"806,738",0.854
10/20/2020,"1,784,090",0.307,"1,127,897",0.498,"86,600",0.28,"63,500",0.22,"21,936",0.731,"790,018",0.903
10/19/2020,"1,722,723",0.304,"1,104,658",0.482,"89,200",0.28,"66,000",0.23,"20,812",0.757,"782,239",0.895
10/18/2020,"897,886",0.369,"585,376",0.598,"34,700",0.38,"48,700",0.46,"9,998",0.537,"752,262",0.902
10/17/2020,"1,211,061",0.36,"780,003",0.564,"43,800",0.39,"70,500",0.46,"11,831",0.67,"794,520",0.833
10/16/2020,"1,674,686",0.279,"986,166",0.432,"83,800",0.27,"64,900",0.22,"20,776",0.69,"820,106",0.797
10/15/2020,"1,857,822",0.305,"1,154,164",0.498,"90,300",0.29,"67,700",0.23,"22,834",0.728,"866,245",0.893
10/14/2020,"1,842,638",0.315,"1,161,893",0.529,"89,200",0.28,"66,700",0.23,"23,169",0.745,"824,529",0.907
10/13/2020,"1,718,853",0.292,"1,067,179",0.454,"76,600",0.24,"62,700",0.22,"20,909",0.69,"765,671",0.837
10/12/2020,"1,286,892",0.302,"770,512",0.471,"76,800",0.24,"59,300",0.2,"15,722",0.826,"685,982",0.804
10/11/2020,"849,518",0.319,"564,046",0.523,"34,600",0.38,"45,700",0.43,"9,470",0.512,"692,669",0.774
10/10/2020,"1,171,657",0.359,"770,914",0.559,"44,500",0.39,"77,300",0.51,"12,627",0.722,"823,775",0.876
10/09/2020,"1,811,779",0.309,"1,114,870",0.489,"78,700",0.25,"72,400",0.25,"21,274",0.713,"896,404",0.869
10/08/2020,"1,801,918",0.298,"1,128,062",0.475,"88,000",0.28,"65,600",0.23,"21,964",0.698,"845,788",0.87
10/07/2020,"1,774,408",0.363,"1,124,542",0.613,"87,100",0.28,"64,300",0.22,"23,027",0.823,"814,866",1
10/06/2020,"1,762,320",0.308,"1,133,242",0.491,"87,700",0.28,"65,100",0.22,"21,475",0.706,"802,900",0.914
10/05/2020,"1,682,379",0.294,"1,092,193",0.465,"88,700",0.28,"62,900",0.22,"19,971",0.685,"783,540",0.867
10/04/2020,"853,591",0.339,"566,754",0.527,"35,000",0.38,"43,900",0.42,"10,010",0.52,"706,562",0.812
10/03/2020,"1,168,073",0.35,"773,305",0.549,"45,000",0.4,"68,900",0.45,"12,759",0.72,"810,626",0.866
10/02/2020,"1,794,201",0.299,"1,109,459",0.475,"87,300",0.28,"67,100",0.23,"21,626",0.724,"891,268",0.887
10/01/2020,"1,813,961",0.301,"1,150,563",0.498,"86,100",0.27,"62,100",0.21,"22,309",0.706,"870,606",0.929
09/30/2020,"1,744,524",0.293,"1,077,000",0.45,"89,200",0.27,"61,500",0.21,"21,424",0.69,"822,683",0.889
09/29/2020,"1,664,896",0.321,"1,023,100",0.5,"88,400",0.27,"59,700",0.21,"20,517",0.736,"790,861",0.905
09/28/2020,"1,492,611",0.313,"955,300",0.5,"89,700",0.27,"63,800",0.22,"17,678",0.741,"753,159",0.867
09/27/2020,"846,184",0.333,"586,900",0.54,"40,000",0.4,"45,200",0.43,"9,491",0.507,"731,091",0.796
09/26/2020,"1,120,175",0.349,"756,300",0.54,"47,200",0.4,"66,800",0.44,"12,128",0.712,"824,515",0.849
09/25/2020,"1,765,299",0.3,"1,077,600",0.47,"92,500",0.28,"67,900",0.24,"21,233",0.741,"912,599",0.893
09/24/2020,"1,726,180",0.285,"1,070,500",0.45,"89,100",0.27,"62,400",0.22,"21,554",0.704,"857,578",0.881
09/23/2020,"1,739,043",0.287,"1,093,600",0.45,"89,000",0.27,"62,300",0.22,"22,501",0.708,"834,469",0.88
09/22/2020,"1,702,325",0.283,"1,061,900",0.45,"87,400",0.27,"61,000",0.21,"21,103",0.702,"808,351",0.876
09/21/2020,"1,627,636",0.283,"1,021,200",0.44,"89,700",0.27,"61,800",0.21,"19,488",0.695,"788,505",0.854
09/20/2020,"828,365",0.317,"585,500",0.52,"39,000",0.39,"41,800",0.4,"9,269",0.495,"705,596",0.755
09/19/2020,"1,137,948",0.342,"761,600",0.53,"46,800",0.4,"64,600",0.42,"12,246",0.693,"802,614",0.825
09/18/2020,"1,728,810",0.289,"1,074,200",0.46,"90,700",0.28,"65,700",0.23,"20,702",0.717,"894,931",0.882
09/17/2020,"1,695,985",0.281,"1,060,400",0.44,"86,900",0.27,"61,500",0.21,"21,005",0.678,"848,024",0.865
09/16/2020,"1,690,405",0.282,"1,075,300",0.44,"87,000",0.27,"60,700",0.21,"22,070",0.687,"816,708",0.864
09/15/2020,"1,681,774",0.282,"1,087,600",0.45,"87,000",0.27,"60,800",0.21,"20,763",0.676,"815,700",0.876
09/14/2020,"1,607,896",0.283,"1,044,500",0.44,"89,500",0.27,"60,900",0.21,"19,888",0.704,"799,573",0.861
09/13/2020,"796,744",0.311,"577,400",0.52,"36,700",0.37,"38,100",0.36,"9,315",0.504,"703,809",0.765
09/12/2020,"1,083,727",0.346,"759,700",0.55,"44,500",0.38,"60,500",0.4,"12,349",0.731,"800,190",0.852
09/11/2020,"1,693,776",0.288,"1,072,600",0.46,"88,600",0.27,"65,100",0.23,"20,809",0.706,"895,766",0.881
09/10/2020,"1,547,065",0.26,"989,000",0.41,"82,100",0.25,"57,100",0.2,"20,181",0.649,"801,431",0.825
09/09/2020,"1,613,662",0.271,"1,081,700",0.44,"86,100",0.26,"61,500",0.21,"21,801",0.691,"825,412",0.881
09/08/2020,"1,559,312",0.264,"1,032,900",0.43,"90,600",0.28,"63,300",0.22,"19,806",0.638,"833,996",0.899
09/07/2020,"872,174",0.391,"650,300",0.69,"80,000",0.24,"40,300",0.14,"9,261",0.97,"697,865",0.76
09/06/2020,"819,600",0.326,"580,400",0.53,"44,700",0.45,"45,400",0.43,"10,160",0.537,"753,036",0.838
09/05/2020,"1,013,746",0.315,"740,100",0.52,"50,500",0.43,"64,700",0.42,"12,118",0.715,"798,823",0.855
09/04/2020,"1,571,533",0.279,"1,034,500",0.48,"88,300",0.27,"64,200",0.22,"20,223",0.704,"936,602",0.964
09/03/2020,"1,532,512",0.266,"1,030,700",0.45,"82,600",0.25,"58,000",0.2,"19,992",0.66,"869,126",0.909
09/02/2020,"1,491,161",0.271,"994,000",0.46,"77,600",0.24,"53,000",0.18,"19,990",0.656,"810,144",0.864
09/01/2020,"1,472,491",0.277,"996,600",0.47,"76,500",0.23,"53,100",0.18,"18,929",0.661,"809,685",0.851
08/31/2020,"1,400,448",0.264,"987,400",0.46,"78,100",0.25,"52,700",0.19,"18,185",0.635,"817,544",1.103
08/30/2020,"748,886",0.3,"822,300",0.76,"45,100",0.43,"41,600",0.4,"9,752",0.521,"805,096",0.898
08/29/2020,"774,465",0.266,"892,800",0.67,"37,600",0.28,"41,300",0.27,"9,814",0.6,"645,956",0.686
08/28/2020,"1,391,299",0.283,"1,333,400",0.67,"76,100",0.24,"53,100",0.19,"18,845",0.705,"899,892",0.87
08/27/2020,"1,361,128",0.258,"1,274,100",0.61,"73,100",0.23,"48,800",0.18,"19,271",0.689,"847,285",0.83
08/26/2020,"1,410,651",0.271,"1,361,400",0.67,"76,600",0.24,"50,800",0.19,"20,659",0.712,"859,625",0.91
08/25/2020,"1,349,335",0.259,"1,273,400",0.62,"73,300",0.23,"49,700",0.18,"18,682",0.663,"821,597",0.873
08/24/2020,"1,310,101",0.269,"1,270,700",0.66,"75,100",0.24,"50,100",0.18,"17,643",0.695,"815,665",0.881
08/23/2020,"672,193",0.288,"783,200",0.71,"37,900",0.36,"35,300",0.34,"8,297",0.468,"737,097",0.794
08/22/2020,"883,393",0.304,"998,700",0.73,"49,100",0.37,"51,600",0.34,"11,456",0.693,"812,308",0.825
08/21/2020,"1,390,232",0.285,"1,335,800",0.7,"76,100",0.24,"53,000",0.19,"19,035",0.703,"909,773",0.899
08/20/2020,"1,413,449",0.277,"1,352,700",0.68,"75,600",0.24,"50,900",0.19,"19,344",0.683,"889,782",0.893
08/19/2020,"1,294,931",0.255,"1,212,800",0.61,"70,100",0.22,"47,700",0.17,"19,915",0.683,"816,805",0.858
08/18/2020,"1,372,568",0.269,"1,307,400",0.65,"74,200",0.24,"47,900",0.18,"19,274",0.681,"838,008",0.88
08/17/2020,"1,307,543",0.271,"1,275,000",0.66,"74,500",0.24,"49,400",0.18,"17,377",0.669,"806,108",0.857
08/16/2020,"554,980",0.244,"622,000",0.57,"29,900",0.29,"28,500",0.27,"7,902",0.441,"620,686",0.681
08/15/2020,"861,763",0.301,"1,001,000",0.72,"46,800",0.35,"51,400",0.34,"11,487",0.692,"804,346",0.849
08/14/2020,"1,358,798",0.271,"1,321,800",0.67,"72,900",0.23,"50,700",0.19,"18,113",0.669,"893,657",0.886
08/13/2020,"1,294,248",0.243,"1,198,800",0.58,"69,200",0.22,"46,500",0.17,"18,608",0.646,"819,019",0.821
08/12/2020,"1,302,087",0.248,"1,227,500",0.61,"68,300",0.22,"46,800",0.17,"19,346",0.645,"800,865",0.846
08/11/2020,"1,322,978",0.257,"1,256,400",0.64,"72,400",0.23,"46,700",0.17,"18,546",0.658,"821,976",0.907
08/10/2020,"1,278,263",0.254,"1,243,700",0.63,"73,500",0.24,"46,800",0.17,"18,178",0.694,"826,001",0.873
08/09/2020,"663,642",0.268,"766,700",0.7,"37,600",0.36,"32,200",0.31,"8,287",0.465,"744,618",0.814
08/08/2020,"834,093",0.276,"962,000",0.7,"41,700",0.31,"43,600",0.29,"10,613",0.624,"730,739",0.747
08/07/2020,"1,286,635",0.249,"1,256,300",0.62,"66,000",0.21,"42,400",0.16,"17,502",0.639,"844,097",0.825
08/06/2020,"1,337,819",0.246,"1,241,800",0.59,"66,700",0.21,"38,800",0.14,"19,117",0.658,"847,497",0.847
08/05/2020,"1,351,026",0.257,"1,305,000",0.66,"58,000",0.19,"36,900",0.14,"18,299",0.623,"847,330",0.925
08/04/2020,"1,028,686",0.192,"968,100",0.46,"36,800",0.12,"31,100",0.11,"14,924",0.512,"577,415",0.618
08/03/2020,"1,275,951",0.248,"1,268,300",0.62,"70,800",0.23,"45,900",0.17,"17,594",0.656,"818,732",0.87
08/02/2020,"590,675",0.241,"707,000",0.62,"30,500",0.29,"28,100",0.27,"7,431",0.402,"648,735",0.701
08/01/2020,"843,372",0.28,"969,300",0.69,"44,400",0.33,"48,700",0.32,"10,685",0.641,"799,745",0.852
07/31/2020,"1,260,968",0.241,"1,220,700",0.6,"67,600",0.21,"50,900",0.18,"17,654",0.645,"859,774",0.843
07/30/2020,"1,272,918",0.233,"1,224,100",0.57,"69,000",0.22,"48,600",0.17,"17,333",0.599,"820,275",0.812
07/29/2020,"1,298,880",0.242,"1,273,100",0.62,"70,000",0.22,"48,500",0.17,"18,216",0.618,"816,959",0.865
07/28/2020,"1,244,405",0.23,"1,210,600",0.57,"66,700",0.21,"45,800",0.16,"16,892",0.583,"782,226",0.825
07/27/2020,"1,206,129",0.234,"1,185,000",0.57,"70,100",0.22,"45,700",0.16,"16,607",0.629,"793,225",0.841
07/26/2020,"607,452",0.249,"721,100",0.64,"36,200",0.35,"32,300",0.3,"7,429",0.41,"697,533",0.733
07/25/2020,"817,403",0.268,"967,300",0.69,"43,300",0.34,"47,600",0.31,"10,350",0.613,"769,898",0.782
07/24/2020,"1,220,649",0.23,"1,134,300",0.56,"65,900",0.21,"49,000",0.17,"17,311",0.627,"826,030",0.796
07/23/2020,"1,236,427",0.222,"1,180,200",0.55,"65,600",0.21,"47,000",0.17,"17,056",0.581,"791,577",0.781
07/22/2020,"1,236,384",0.221,"1,189,100",0.54,"65,300",0.21,"46,700",0.17,"17,582",0.579,"784,013",0.801
07/21/2020,"1,244,544",0.236,"1,204,300",0.59,"67,600",0.21,"48,000",0.17,"16,831",0.579,"792,955",0.867
07/20/2020,"1,159,163",0.229,"1,130,400",0.57,"67,700",0.21,"46,800",0.17,"15,957",0.606,"770,607",0.844
07/19/2020,"585,498",0.269,"692,800",0.67,"36,400",0.35,"29,900",0.28,"7,052",0.456,"696,110",0.797
07/18/2020,"779,722",0.295,"913,700",0.72,"41,200",0.32,"45,500",0.29,"9,785",0.652,"747,445",0.808
07/17/2020,"1,209,692",0.232,"1,176,200",0.57,"64,800",0.2,"47,400",0.17,"16,401",0.608,"819,471",0.797
07/16/2020,"1,251,884",0.231,"1,211,800",0.59,"66,700",0.21,"47,400",0.17,"17,230",0.595,"819,850",0.838
07/15/2020,"1,251,164",0.228,"1,229,000",0.58,"66,500",0.21,"46,900",0.17,"18,149",0.595,"803,399",0.848
07/14/2020,"1,243,749",0.224,"1,211,300",0.56,"66,300",0.21,"46,200",0.16,"17,081",0.569,"794,838",0.831
07/13/2020,"1,178,204",0.222,"1,144,100",0.55,"66,400",0.21,"46,200",0.16,"15,928",0.59,"756,123",0.796
07/12/2020,"628,918",0.258,"727,700",0.64,"34,900",0.33,"31,800",0.3,"7,395",0.411,"703,590",0.741
07/11/2020,"693,789",0.229,"852,600",0.59,"30,100",0.24,"35,300",0.23,"8,453",0.493,"625,288",0.629
07/10/2020,"1,032,749",0.191,"926,800",0.45,"55,900",0.18,"39,700",0.14,"15,738",0.566,"712,635",0.7
07/09/2020,"1,213,851",0.221,"1,195,700",0.57,"65,500",0.21,"45,500",0.16,"17,017",0.574,"818,034",0.843
07/08/2020,"1,174,733",0.211,"1,114,900",0.51,"63,000",0.2,"43,400",0.15,"16,980",0.565,"758,208",0.791
07/07/2020,"1,159,588",0.212,"1,118,800",0.52,"61,800",0.2,"44,100",0.16,"16,003",0.537,"749,833",0.79
07/06/2020,"1,087,178",0.212,"1,030,200",0.5,"63,900",0.2,"44,300",0.16,"14,886",0.55,"750,584",0.812
07/05/2020,"534,220",0.231,"658,700",0.6,"34,600",0.33,"30,600",0.29,"6,280",0.347,"659,099",0.752
07/04/2020,"592,295",0.228,"754,900",0.59,"38,400",0.3,"41,800",0.27,"8,391",0.579,"569,212",0.717
07/03/2020,"853,015",0.313,"968,200",0.87,"56,200",0.18,"42,900",0.15,"10,915",0.838,"713,240",0.834
07/02/2020,"1,172,848",0.224,"1,178,500",0.57,"64,300",0.2,"45,500",0.16,"15,981",0.534,"881,471",1.146
07/01/2020,"1,122,842",0.215,"1,102,200",0.53,"56,500",0.18,"40,000",0.14,"16,451",0.55,"779,409",0.772
06/30/2020,"1,115,510",0.209,"1,082,000",0.52,"58,000",0.17,"40,900",0.14,"15,291",0.518,"758,785",0.801
06/29/2020,"1,103,086",0.212,"1,087,500",0.53,"63,300",0.19,"42,600",0.14,"14,705",0.552,"767,165",0.801
06/28/2020,"536,488",0.177,"641,800",0.58,"25,700",0.26,"26,200",0.24,"5,748",0.337,"623,131",0.668
06/27/2020,"616,084",0.193,"753,900",0.57,"26,800",0.22,"34,800",0.22,"8,541",0.531,"630,731",0.652
06/26/2020,"1,104,497",0.202,"1,130,100",0.57,"55,600",0.17,"41,500",0.14,"15,048",0.54,"830,887",0.795
06/25/2020,"1,081,006",0.191,"1,088,500",0.52,"53,400",0.16,"38,200",0.13,"14,854",0.502,"781,618",0.748
06/24/2020,"1,070,527",0.185,"1,099,900",0.49,"52,400",0.16,"38,000",0.13,"15,155",0.493,"752,750",0.741
06/23/2020,"1,053,005",0.19,"1,086,200",0.52,"52,900",0.16,"37,600",0.13,"15,069",0.505,"744,822",0.779
06/22/2020,"1,002,073",0.185,"1,016,200",0.48,"53,900",0.16,"38,400",0.13,"13,314",0.49,"733,291",0.748
06/21/2020,"449,497",0.171,"592,400",0.53,"27,100",0.28,"27,600",0.25,"6,328",0.338,"654,914",0.676
06/20/2020,"576,097",0.174,"768,500",0.55,"29,000",0.24,"36,000",0.23,"8,185",0.47,"666,226",0.664
06/19/2020,"988,680",0.178,"1,035,300",0.55,"50,200",0.15,"38,800",0.13,"13,868",0.486,"797,519",0.777
06/18/2020,"944,318",0.166,"977,700",0.48,"47,900",0.14,"35,800",0.12,"13,808",0.461,"729,487",0.73
06/17/2020,"950,318",0.166,"977,200",0.45,"47,200",0.14,"36,300",0.12,"14,595",0.468,"709,680",0.732
06/16/2020,"934,545",0.167,"961,000",0.46,"46,900",0.14,"34,100",0.12,"12,939",0.429,"695,359",0.747
06/15/2020,"898,925",0.165,"940,900",0.43,"47,500",0.14,"34,500",0.12,"12,953",0.475,"674,785",0.71
06/14/2020,"430,446",0.185,"571,200",0.55,"20,900",0.21,"22,700",0.21,"5,195",0.279,"563,725",0.605
06/13/2020,"545,333",0.17,"706,800",0.5,"25,400",0.21,"32,400",0.2,"7,794",0.434,"631,065",0.625
06/12/2020,"898,314",0.157,"966,300",0.43,"45,100",0.14,"33,700",0.11,"13,224",0.458,"765,492",0.735
06/11/2020,"819,873",0.144,"830,100",0.38,"41,000",0.12,"29,100",0.1,"12,514",0.424,"656,696",0.676
06/10/2020,"858,782",0.146,"914,700",0.39,"43,100",0.13,"30,800",0.1,"13,616",0.425,"680,270",0.694
06/09/2020,"843,968",0.147,"916,900",0.41,"42,300",0.13,"29,500",0.1,"12,869",0.438,"680,462",0.709
06/08/2020,"806,138",0.153,"863,400",0.42,"42,600",0.13,"30,500",0.1,"11,957",0.459,"644,830",0.735
06/07/2020,"378,085",0.146,"531,900",0.49,"16,800",0.17,"18,500",0.17,"4,650",0.259,"538,419",0.604
06/06/2020,"464,207",0.142,"648,000",0.46,"18,100",0.15,"23,600",0.15,"6,591",0.369,"551,793",0.57
06/05/2020,"704,825",0.124,"772,900",0.35,"33,500",0.1,"25,200",0.09,"11,698",0.405,"643,562",0.624
06/04/2020,"728,018",0.127,"797,700",0.37,"29,800",0.09,"25,500",0.09,"12,000",0.402,"650,868",0.648
06/03/2020,"683,037",0.119,"741,200",0.32,"32,500",0.1,"23,500",0.08,"11,962",0.387,"582,624",0.603
06/02/2020,"695,276",0.126,"724,400",0.34,"33,800",0.1,"24,600",0.08,"11,206",0.378,"579,412",0.609
06/01/2020,"688,520",0.124,"764,300",0.34,"34,300",0.1,"24,500",0.08,"10,760",0.378,"595,060",0.622
05/31/2020,"344,428",0.136,"468,300",0.43,"13,600",0.14,"14,700",0.14,"4,216",0.233,"495,488",0.553
05/30/2020,"426,755",0.135,"622,000",0.44,"15,600",0.13,"20,300",0.13,"6,143",0.354,"537,180",0.556
05/29/2020,"658,353",0.114,"720,800",0.33,"25,100",0.08,"21,200",0.07,"10,185",0.365,"598,608",0.57
05/28/2020,"659,248",0.115,"710,800",0.32,"25,200",0.08,"20,400",0.07,"10,030",0.35,"584,629",0.599
05/27/2020,"675,705",0.119,"719,200",0.33,"26,500",0.08,"21,000",0.07,"11,088",0.377,"601,140",0.634
05/26/2020,"657,939",0.121,"709,000",0.33,"26,700",0.08,"21,800",0.08,"9,875",0.349,"587,270",0.634
05/25/2020,"394,359",0.151,"531,600",0.46,"19,300",0.06,"19,000",0.07,"5,428",0.503,"445,015",0.565
05/24/2020,"320,376",0.126,"461,200",0.43,"11,900",0.12,"14,100",0.14,"4,117",0.223,"461,171",0.526
05/23/2020,"336,250",0.112,"460,700",0.35,"11,000",0.09,"14,000",0.09,"5,550",0.35,"394,091",0.436
05/22/2020,"634,929",0.117,"690,200",0.31,"22,800",0.07,"19,900",0.07,"9,782",0.352,"626,984",0.596
05/21/2020,"630,367",0.111,"655,300",0.3,"22,600",0.07,"19,200",0.07,"9,731",0.327,"585,553",0.578
05/20/2020,"624,793",0.106,"654,800",0.28,"22,200",0.07,"18,500",0.06,"10,224",0.327,"542,409",0.547
05/19/2020,"611,951",0.104,"643,600",0.28,"21,600",0.07,"18,700",0.07,"9,290",0.309,"524,483",0.541
05/18/2020,"596,505",0.107,"624,200",0.28,"22,100",0.07,"19,200",0.07,"8,969",0.325,"505,315",0.523
05/17/2020,"287,755",0.11,"413,500",0.37,"8,800",0.09,"3,300",0.03,"3,577",0.191,"391,606",0.413
05/16/2020,"361,329",0.106,"530,600",0.37,"11,100",0.09,"18,400",0.12,"5,947",0.337,"477,098",0.479
05/15/2020,"588,784",0.103,"671,500",0.3,"20,100",0.06,"45,300",0.16,"9,473",0.331,"562,991",0.534
05/14/2020,"568,315",0.096,"616,000",0.26,"19,300",0.06,"16,400",0.06,"8,855",0.294,"520,395",0.51
05/13/2020,"566,333",0.096,"611,300",0.26,"19,400",0.06,"17,200",0.06,"9,437",0.295,"509,243",0.521
05/12/2020,"554,286",0.096,"594,900",0.26,"19,000",0.06,"16,700",0.06,"8,271",0.279,"488,406",0.521
05/11/2020,"521,702",0.096,"553,300",0.26,"18,300",0.06,"16,700",0.06,"7,636",0.29,"458,042",0.506
05/10/2020,"272,353",0.131,"386,000",0.46,"8,000",0.08,"9,200",0.09,"3,962",0.202,"415,868",0.488
05/09/2020,"317,372",0.099,"462,400",0.32,"7,700",0.06,"11,100",0.07,"5,055",0.278,"371,426",0.374
05/08/2020,"526,865",0.093,"573,700",0.25,"15,700",0.05,"15,200",0.05,"8,656",0.304,"483,831",0.474
05/07/2020,"536,003",0.091,"605,600",0.26,"16,100",0.05,"16,200",0.06,"8,509",0.276,"488,836",0.495
05/06/2020,"509,646",0.087,"538,800",0.22,"14,500",0.05,"14,700",0.05,"8,832",0.277,"444,179",0.462
05/05/2020,"522,979",0.09,"583,400",0.25,"13,300",0.04,"15,500",0.05,"8,445",0.273,"462,086",0.494
05/04/2020,"512,763",0.091,"578,300",0.25,"11,200",0.03,"15,800",0.06,"8,287",0.293,"447,424",0.482
05/03/2020,"259,199",0.111,"375,900",0.45,"3,300",0.03,"7,600",0.07,"3,263",0.186,"353,314",0.443
05/02/2020,"326,354",0.101,"478,600",0.34,"4,000",0.03,"10,900",0.07,"5,493",0.312,"401,938",0.43
05/01/2020,"495,312",0.086,"555,300",0.25,"6,200",0.02,"12,400",0.04,"8,332",0.29,"445,621",0.441
04/30/2020,"466,633",0.079,"488,800",0.21,"9,300",0.03,"14,400",0.05,"7,253",0.245,"405,169",0.412
04/29/2020,"478,589",0.082,"519,600",0.22,"9,100",0.03,"14,800",0.05,"7,844",0.255,"410,502",0.431
04/28/2020,"490,073",0.085,"555,600",0.24,"9,200",0.03,"15,400",0.05,"7,542",0.255,"436,347",0.47
04/27/2020,"463,700",0.083,"518,400",0.23,"8,800",0.03,"15,000",0.05,"6,922",0.254,"384,124",0.424
04/26/2020,"219,096",0.091,"293,500",0.3,"1,900",0.02,"5,400",0.05,"2,506",0.143,"231,541",0.276
04/25/2020,"295,836",0.091,"430,800",0.32,"2,900",0.03,"9,100",0.06,"4,719",0.288,"350,300",0.38
04/24/2020,"444,644",0.088,"475,400",0.27,"7,800",0.03,"13,200",0.05,"7,040",0.277,"386,935",0.429
04/23/2020,"454,300",0.083,"487,300",0.25,"8,400",0.03,"13,800",0.05,"6,969",0.249,"386,938",0.411
04/22/2020,"459,574",0.085,"518,900",0.26,"8,700",0.03,"14,100",0.05,"7,496",0.256,"398,703",0.423
04/21/2020,"422,860",0.078,"450,900",0.22,"8,300",0.03,"13,700",0.05,"6,613",0.239,"356,099",0.382
04/20/2020,"438,622",0.089,"498,700",0.27,"8,900",0.03,"14,800",0.05,"7,050",0.295,"371,776",0.404
04/19/2020,"224,751",0.096,"318,100",0.32,"2,200",0.02,"6,000",0.06,"2,742",0.142,"276,406",0.314
04/18/2020,"254,792",0.09,"352,000",0.29,"2,400",0.02,"7,200",0.05,"4,202",0.284,"254,735",0.302
04/17/2020,"433,106",0.091,"470,300",0.27,"8,300",0.03,"13,500",0.05,"7,048",0.288,"378,350",0.392
04/16/2020,"421,013",0.071,"447,000",0.2,"8,500",0.03,"13,800",0.05,"6,563",0.222,"346,342",0.346
04/15/2020,"419,851",0.07,"454,100",0.19,"8,600",0.03,"13,800",0.05,"6,928",0.22,"340,213",0.351
04/14/2020,"430,946",0.073,"470,900",0.2,"8,800",0.03,"14,100",0.05,"6,585",0.219,"356,104",0.376
04/13/2020,"363,961",0.065,"347,800",0.16,"8,200",0.03,"13,000",0.05,"6,205",0.222,"284,609",0.313
04/12/2020,"198,693",0.08,"279,100",0.28,"2,200",0.02,"5,100",0.05,"2,525",0.136,"217,871",0.256
04/11/2020,"257,467",0.078,"378,200",0.27,"2,700",0.02,"7,600",0.05,"4,235",0.24,"254,755",0.269
04/10/2020,"400,947",0.07,"414,100",0.19,"8,200",0.03,"13,000",0.05,"5,378",0.185,"314,100",0.314
04/09/2020,"405,325",0.07,"401,900",0.17,"8,400",0.03,"12,900",0.04,"6,243",0.199,"303,481",0.312
04/08/2020,"428,206",0.073,"431,700",0.18,"9,000",0.03,"13,500",0.05,"6,950",0.217,"324,882",0.342
04/07/2020,"435,718",0.076,"441,000",0.19,"9,300",0.03,"14,100",0.05,"7,041",0.233,"335,470",0.367
04/06/2020,"446,273",0.08,"454,900",0.2,"10,100",0.03,"14,400",0.05,"7,093",0.25,"335,769",0.369
04/05/2020,"227,603",0.091,"299,600",0.3,"3,000",0.03,"5,600",0.05,"2,763",0.144,"209,152",0.234
04/04/2020,"282,703",0.086,"383,400",0.27,"3,700",0.03,"8,100",0.05,"4,375",0.245,"243,323",0.26
04/03/2020,"484,200",0.085,"483,800",0.22,"9,700",0.03,"13,200",0.05,"7,794",0.273,"340,273",0.349
04/02/2020,"486,468",0.082,"472,700",0.2,"10,100",0.03,"13,700",0.05,"7,077",0.225,"339,734",0.348
04/01/2020,"514,201",0.087,"495,400",0.21,"10,500",0.03,"13,600",0.05,"8,151",0.252,"342,222",0.367
03/31/2020,"509,149",0.088,"514,300",0.22,,,,,"7,672",0.257,"337,626",0.373
03/30/2020,"546,355",0.098,"563,900",0.25,,,,,"8,084",0.283,"344,690",0.384
03/29/2020,"264,119",0.117,"306,800",0.31,,,,,"3,374",0.194,"197,154",0.242
03/28/2020,"332,993",0.102,"403,700",0.29,,,,,"4,491",0.26,"240,702",0.259
03/27/2020,"658,312",0.118,"641,800",0.29,,,,,"8,409",0.294,"396,778",0.402
03/26/2020,"681,923",0.118,"646,100",0.28,,,,,"8,795",0.288,"390,117",0.403
03/25/2020,"691,604",0.121,"618,000",0.27,,,,,"9,512",0.302,"375,767",0.406
03/24/2020,"743,314",0.131,"657,800",0.28,,,,,"9,133",0.301,"395,493",0.437
03/23/2020,"711,138",0.131,"578,200",0.26,,,,,"9,902",0.348,"361,514",0.407
03/22/2020,"409,364",0.169,"378,900",0.35,,,,,"4,824",0.261,"277,051",0.318
03/21/2020,"620,662",0.205,"564,900",0.43,,,,,"6,467",0.392,"382,993",0.433
03/20/2020,"1,312,249",0.239,"868,600",0.41,,,,,"12,744",0.453,"563,262",0.584
03/19/2020,"1,425,564",0.256,"933,600",0.43,,,,,"14,116",0.483,"569,696",0.62
03/18/2020,"1,629,413",0.286,"1,059,500",0.45,,,,,"15,942",0.5,"634,853",0.688
03/17/2020,"1,793,359",0.318,"1,094,900",0.47,,,,,"18,173",0.594,"650,445",0.716
03/16/2020,"2,184,296",0.405,"1,237,300",0.55,,,,,"21,145",0.756,"708,870",0.794
03/15/2020,"1,159,079",0.476,"711,600",0.69,,,,,"12,480",0.683,"535,988",0.636
03/14/2020,"1,672,800",0.525,"993,300",0.73,,,,,"13,394",0.791,"631,101",0.698
03/13/2020,"3,496,765",0.62,"1,715,700",0.77,,,,,"26,640",0.918,"860,419",0.862
03/12/2020,"4,163,674",0.716,"1,938,400",0.82,,,,,"30,814",0.985,"881,188",0.913
03/11/2020,"4,712,462",0.815,"2,113,000",0.9,,,,,"32,198",1.006,"866,706",0.933
03/10/2020,"4,883,623",0.849,"2,112,000",0.91,,,,,"31,315",1.021,"855,585",0.942
03/09/2020,"4,989,635",0.896,"2,124,800",0.93,,,,,"29,609",1.027,"860,073",0.953
03/08/2020,"2,122,328",1.004,"957,200",1.07,,,,,"19,477",1.134,"765,084",0.994
03/07/2020,"2,817,082",0.904,"1,249,100",0.91,,,,,"18,117",1.037,"827,908",0.924
03/06/2020,"5,204,732",0.916,"2,066,700",0.93,,,,,"30,970",1.067,"945,408",0.96
03/05/2020,"5,513,656",0.956,"2,244,500",0.99,,,,,"33,209",1.071,"929,298",0.991
03/04/2020,"5,515,945",0.968,"2,177,200",0.97,,,,,"34,297",1.087,"905,558",0.999
03/03/2020,"5,498,556",0.961,"2,228,600",0.97,,,,,"32,767",1.069,"882,175",0.983
03/02/2020,"5,347,055",1.239,"2,209,100",1.4,,,,,"30,338",1.282,"874,620",1.275
03/01/2020,"2,214,601",0.987,"984,900",1.01,,,,,"19,922",1.188,"786,961",1.078
