Test_Date,County_Code,Positive_Cases,Total_Tests
2020-03-03,36005,0,1
2020-03-03,36047,0,2
2020-03-03,36061,0,3
2020-03-03,36081,0,2
2020-03-04,36047,1,4
2020-03-04,36061,1,4
2020-03-05,36005,0,5
2020-03-05,36047,0,7
2020-03-05,36061,1,18
2020-03-05,36081,1,6
2020-03-06,36005,0,6
2020-03-06,36047,3,12
2020-03-06,36061,3,14
2020-03-06,36081,1,10
2020-03-06,36085,0,3
2020-03-07,36005,0,17
2020-03-07,36047,0,8
2020-03-07,36061,0,23
2020-03-07,36081,0,14
2020-03-07,36085,0,2
2020-03-08,36005,1,16
2020-03-08,36047,2,10
2020-03-08,36061,0,24
2020-03-08,36081,1,13
2020-03-09,36005,4,31
2020-03-09,36047,1,31
2020-03-09,36061,7,47
2020-03-09,36081,0,15
2020-03-09,36085,0,6
2020-03-10,36005,0,47
2020-03-10,36047,7,29
2020-03-10,36061,12,78
2020-03-10,36081,4,18
2020-03-10,36085,1,5
2020-03-11,36005,2,31
2020-03-11,36047,2,24
2020-03-11,36061,3,70
2020-03-11,36081,5,44
2020-03-11,36085,1,5
2020-03-12,36005,3,36
2020-03-12,36047,8,58
2020-03-12,36061,18,187
2020-03-12,36081,15,74
2020-03-12,36085,4,16
2020-03-13,36005,10,99
2020-03-13,36047,17,136
2020-03-13,36061,39,268
2020-03-13,36081,30,154
2020-03-13,36085,5,34
2020-03-14,36005,8,81
2020-03-14,36047,17,99
2020-03-14,36061,28,191
2020-03-14,36081,18,110
2020-03-14,36085,3,29
2020-03-15,36005,29,117
2020-03-15,36047,26,166
2020-03-15,36061,60,316
2020-03-15,36081,49,199
2020-03-15,36085,6,27
2020-03-16,36005,28,150
2020-03-16,36047,39,170
2020-03-16,36061,69,395
2020-03-16,36081,39,138
2020-03-16,36085,11,35
2020-03-17,36005,123,433
2020-03-17,36047,271,753
2020-03-17,36061,152,584
2020-03-17,36081,123,371
2020-03-17,36085,27,62
2020-03-18,36005,154,597
2020-03-18,36047,273,795
2020-03-18,36061,335,1073
2020-03-18,36081,336,768
2020-03-18,36085,33,110
2020-03-19,36005,191,609
2020-03-19,36047,674,1555
2020-03-19,36061,435,1230
2020-03-19,36081,522,1188
2020-03-19,36085,116,273
2020-03-20,36005,297,886
2020-03-20,36047,538,1379
2020-03-20,36061,370,1266
2020-03-20,36081,491,1216
2020-03-20,36085,109,334
2020-03-21,36005,373,1057
2020-03-21,36047,906,1984
2020-03-21,36061,512,1354
2020-03-21,36081,857,1960
2020-03-21,36085,227,715
2020-03-22,36005,649,1412
2020-03-22,36047,757,1679
2020-03-22,36061,573,1323
2020-03-22,36081,1223,2286
2020-03-22,36085,333,883
2020-03-23,36005,550,1205
2020-03-23,36047,728,1514
2020-03-23,36061,421,1028
2020-03-23,36081,851,1570
2020-03-23,36085,381,1027
2020-03-24,36005,684,1364
2020-03-24,36047,808,1523
2020-03-24,36061,424,1037
2020-03-24,36081,1031,1784
2020-03-24,36085,189,423
2020-03-25,36005,1003,2094
2020-03-25,36047,778,1631
2020-03-25,36061,530,1211
2020-03-25,36081,1279,2214
2020-03-25,36085,362,897
2020-03-26,36005,1010,1807
2020-03-26,36047,1157,2017
2020-03-26,36061,517,1041
2020-03-26,36081,1342,2181
2020-03-26,36085,304,645
2020-03-27,36005,933,1659
2020-03-27,36047,1319,2416
2020-03-27,36061,626,1291
2020-03-27,36081,1269,2133
2020-03-27,36085,348,716
2020-03-28,36005,984,1706
2020-03-28,36047,1037,1923
2020-03-28,36061,615,1184
2020-03-28,36081,1192,1934
2020-03-28,36085,342,762
2020-03-29,36005,754,1336
2020-03-29,36047,1027,1672
2020-03-29,36061,420,788
2020-03-29,36081,1292,1964
2020-03-29,36085,333,698
2020-03-30,36005,852,1450
2020-03-30,36047,1997,3309
2020-03-30,36061,631,1408
2020-03-30,36081,2074,3409
2020-03-30,36085,269,568
2020-03-31,36005,1119,1834
2020-03-31,36047,1220,2068
2020-03-31,36061,490,1023
2020-03-31,36081,1272,1946
2020-03-31,36085,278,571
2020-04-01,36005,1142,1850
2020-04-01,36047,1260,2192
2020-04-01,36061,473,1002
2020-04-01,36081,1411,2237
2020-04-01,36085,216,421
2020-04-02,36005,1194,1992
2020-04-02,36047,1440,2577
2020-04-02,36061,587,1266
2020-04-02,36081,1961,3122
2020-04-02,36085,285,567
2020-04-03,36005,1232,2109
2020-04-03,36047,1811,3244
2020-04-03,36061,861,1830
2020-04-03,36081,1977,3433
2020-04-03,36085,319,681
2020-04-04,36005,1062,1795
2020-04-04,36047,1057,1997
2020-04-04,36061,601,1281
2020-04-04,36081,1364,2326
2020-04-04,36085,219,514
2020-04-05,36005,957,1622
2020-04-05,36047,1140,2013
2020-04-05,36061,544,1169
2020-04-05,36081,1720,2751
2020-04-05,36085,290,603
2020-04-06,36005,1020,1993
2020-04-06,36047,1183,2247
2020-04-06,36061,578,1256
2020-04-06,36081,1729,2889
2020-04-06,36085,220,609
2020-04-07,36005,1284,2573
2020-04-07,36047,1218,2620
2020-04-07,36061,494,1253
2020-04-07,36081,1459,2944
2020-04-07,36085,549,1267
2020-04-08,36005,1172,2355
2020-04-08,36047,1326,2582
2020-04-08,36061,597,1417
2020-04-08,36081,1556,2906
2020-04-08,36085,643,1533
2020-04-09,36005,1373,2641
2020-04-09,36047,1335,2592
2020-04-09,36061,598,1623
2020-04-09,36081,1596,2996
2020-04-09,36085,504,1218
2020-04-10,36005,1326,2587
2020-04-10,36047,1543,2899
2020-04-10,36061,709,1674
2020-04-10,36081,1992,3815
2020-04-10,36085,378,809
2020-04-11,36005,969,2087
2020-04-11,36047,1251,2703
2020-04-11,36061,705,1774
2020-04-11,36081,1583,3271
2020-04-11,36085,459,1037
2020-04-12,36005,763,1616
2020-04-12,36047,934,2020
2020-04-12,36061,355,1035
2020-04-12,36081,1199,2560
2020-04-12,36085,353,889
2020-04-13,36005,1062,2292
2020-04-13,36047,908,2060
2020-04-13,36061,381,1213
2020-04-13,36081,1081,2450
2020-04-13,36085,294,731
2020-04-14,36005,1422,2686
2020-04-14,36047,2592,4981
2020-04-14,36061,1735,4067
2020-04-14,36081,1777,3704
2020-04-14,36085,345,756
2020-04-15,36005,1286,2953
2020-04-15,36047,1564,3751
2020-04-15,36061,477,1530
2020-04-15,36081,1179,3177
2020-04-15,36085,386,1189
2020-04-16,36005,1098,2796
2020-04-16,36047,1186,3357
2020-04-16,36061,403,1476
2020-04-16,36081,1202,3121
2020-04-16,36085,348,1089
2020-04-17,36005,1005,2628
2020-04-17,36047,1062,3020
2020-04-17,36061,444,1574
2020-04-17,36081,1139,3381
2020-04-17,36085,303,1111
2020-04-18,36005,812,2186
2020-04-18,36047,717,2390
2020-04-18,36061,286,1083
2020-04-18,36081,1030,3346
2020-04-18,36085,341,1290
2020-04-19,36005,554,1727
2020-04-19,36047,562,1856
2020-04-19,36061,241,943
2020-04-19,36081,807,2461
2020-04-19,36085,239,878
2020-04-20,36005,620,2055
2020-04-20,36047,665,2306
2020-04-20,36061,231,1099
2020-04-20,36081,811,2507
2020-04-20,36085,210,889
2020-04-21,36005,885,2951
2020-04-21,36047,790,2841
2020-04-21,36061,321,1411
2020-04-21,36081,894,3062
2020-04-21,36085,225,1000
2020-04-22,36005,794,3096
2020-04-22,36047,878,3537
2020-04-22,36061,323,1580
2020-04-22,36081,1202,4170
2020-04-22,36085,247,1033
2020-04-23,36005,1047,3708
2020-04-23,36047,1300,5034
2020-04-23,36061,512,2672
2020-04-23,36081,1492,5483
2020-04-23,36085,293,1276
2020-04-24,36005,1482,4807
2020-04-24,36047,1016,4033
2020-04-24,36061,428,2113
2020-04-24,36081,1484,5311
2020-04-24,36085,246,1012
2020-04-25,36005,791,2984
2020-04-25,36047,833,3725
2020-04-25,36061,492,2356
2020-04-25,36081,920,3779
2020-04-25,36085,152,858
2020-04-26,36005,596,2390
2020-04-26,36047,533,2711
2020-04-26,36061,322,1998
2020-04-26,36081,659,2825
2020-04-26,36085,140,656
2020-04-27,36005,441,2123
2020-04-27,36047,577,2958
2020-04-27,36061,208,1633
2020-04-27,36081,534,2678
2020-04-27,36085,93,573
2020-04-28,36005,608,2954
2020-04-28,36047,655,3901
2020-04-28,36061,293,2264
2020-04-28,36081,813,4040
2020-04-28,36085,144,938
2020-04-29,36005,644,2983
2020-04-29,36047,644,3969
2020-04-29,36061,316,2300
2020-04-29,36081,901,4223
2020-04-29,36085,152,843
2020-04-30,36005,543,2829
2020-04-30,36047,650,3937
2020-04-30,36061,255,2205
2020-04-30,36081,653,3732
2020-04-30,36085,126,851
2020-05-01,36005,667,3697
2020-05-01,36047,758,4720
2020-05-01,36061,319,2598
2020-05-01,36081,766,4530
2020-05-01,36085,157,924
2020-05-02,36005,468,2858
2020-05-02,36047,563,3802
2020-05-02,36061,244,2214
2020-05-02,36081,609,3779
2020-05-02,36085,101,732
2020-05-03,36005,308,1868
2020-05-03,36047,353,2563
2020-05-03,36061,159,1516
2020-05-03,36081,453,2725
2020-05-03,36085,60,554
2020-05-04,36005,254,2011
2020-05-04,36047,396,3372
2020-05-04,36061,152,2234
2020-05-04,36081,368,2664
2020-05-04,36085,63,576
2020-05-05,36005,364,2661
2020-05-05,36047,395,3596
2020-05-05,36061,204,2502
2020-05-05,36081,437,3617
2020-05-05,36085,84,703
2020-05-06,36005,343,2797
2020-05-06,36047,579,5310
2020-05-06,36061,274,2976
2020-05-06,36081,565,4495
2020-05-06,36085,103,828
2020-05-07,36005,352,3083
2020-05-07,36047,449,4583
2020-05-07,36061,203,3045
2020-05-07,36081,496,4027
2020-05-07,36085,73,677
2020-05-08,36005,271,2887
2020-05-08,36047,464,4750
2020-05-08,36061,150,2630
2020-05-08,36081,557,4641
2020-05-08,36085,73,835
2020-05-09,36005,255,2936
2020-05-09,36047,357,3685
2020-05-09,36061,96,2338
2020-05-09,36081,373,3441
2020-05-09,36085,52,718
2020-05-10,36005,237,2144
2020-05-10,36047,257,2827
2020-05-10,36061,86,1493
2020-05-10,36081,321,2944
2020-05-10,36085,45,493
2020-05-11,36005,144,1509
2020-05-11,36047,259,2983
2020-05-11,36061,129,1984
2020-05-11,36081,211,2556
2020-05-11,36085,22,517
2020-05-12,36005,238,2681
2020-05-12,36047,339,4618
2020-05-12,36061,157,2827
2020-05-12,36081,357,3833
2020-05-12,36085,41,806
2020-05-13,36005,303,3340
2020-05-13,36047,428,6107
2020-05-13,36061,179,3701
2020-05-13,36081,338,4442
2020-05-13,36085,51,869
2020-05-14,36005,543,4418
2020-05-14,36047,486,5742
2020-05-14,36061,308,3944
2020-05-14,36081,433,4883
2020-05-14,36085,48,813
2020-05-15,36005,293,3634
2020-05-15,36047,409,5791
2020-05-15,36061,153,3473
2020-05-15,36081,328,4651
2020-05-15,36085,65,843
2020-05-16,36005,210,2862
2020-05-16,36047,308,4377
2020-05-16,36061,148,3096
2020-05-16,36081,293,4211
2020-05-16,36085,37,713
2020-05-17,36005,136,2128
2020-05-17,36047,187,3052
2020-05-17,36061,86,2017
2020-05-17,36081,192,3231
2020-05-17,36085,36,571
2020-05-18,36005,113,2103
2020-05-18,36047,197,4134
2020-05-18,36061,78,2832
2020-05-18,36081,184,3366
2020-05-18,36085,22,621
2020-05-19,36005,148,2688
2020-05-19,36047,208,3891
2020-05-19,36061,98,3688
2020-05-19,36081,244,4582
2020-05-19,36085,31,751
2020-05-20,36005,185,3621
2020-05-20,36047,498,7255
2020-05-20,36061,132,4220
2020-05-20,36081,274,5169
2020-05-20,36085,40,908
2020-05-21,36005,163,3425
2020-05-21,36047,254,5372
2020-05-21,36061,152,4367
2020-05-21,36081,212,5182
2020-05-21,36085,31,878
2020-05-22,36005,155,3518
2020-05-22,36047,263,6187
2020-05-22,36061,134,4591
2020-05-22,36081,186,5392
2020-05-22,36085,44,1232
2020-05-23,36005,216,4578
2020-05-23,36047,273,6786
2020-05-23,36061,103,4224
2020-05-23,36081,217,5275
2020-05-23,36085,51,1120
2020-05-24,36005,110,2448
2020-05-24,36047,186,4976
2020-05-24,36061,100,3368
2020-05-24,36081,191,4451
2020-05-24,36085,21,732
2020-05-25,36005,117,2236
2020-05-25,36047,200,5211
2020-05-25,36061,83,3634
2020-05-25,36081,133,3790
2020-05-25,36085,38,1047
2020-05-26,36005,139,3067
2020-05-26,36047,219,5941
2020-05-26,36061,121,3600
2020-05-26,36081,165,4204
2020-05-26,36085,23,718
2020-05-27,36005,250,5659
2020-05-27,36047,366,10929
2020-05-27,36061,134,6897
2020-05-27,36081,275,9126
2020-05-27,36085,57,1624
2020-05-28,36005,221,5784
2020-05-28,36047,299,10685
2020-05-28,36061,131,7424
2020-05-28,36081,244,8481
2020-05-28,36085,51,1731
2020-05-29,36005,142,4821
2020-05-29,36047,282,9619
2020-05-29,36061,96,5680
2020-05-29,36081,184,7089
2020-05-29,36085,50,1376
2020-05-30,36005,138,4339
2020-05-30,36047,173,7165
2020-05-30,36061,77,4425
2020-05-30,36081,148,6227
2020-05-30,36085,17,1214
2020-05-31,36005,106,4003
2020-05-31,36047,153,5762
2020-05-31,36061,68,4385
2020-05-31,36081,119,5918
2020-05-31,36085,17,1201
2020-06-01,36005,107,4070
2020-06-01,36047,189,7498
2020-06-01,36061,93,5161
2020-06-01,36081,199,7241
2020-06-01,36085,25,972
2020-06-02,36005,105,3580
2020-06-02,36047,163,7481
2020-06-02,36061,72,4213
2020-06-02,36081,132,6322
2020-06-02,36085,23,992
2020-06-03,36005,118,4308
2020-06-03,36047,182,7879
2020-06-03,36061,82,4378
2020-06-03,36081,117,6457
2020-06-03,36085,36,1784
2020-06-04,36005,90,4606
2020-06-04,36047,183,7648
2020-06-04,36061,69,4414
2020-06-04,36081,152,6702
2020-06-04,36085,42,1577
2020-06-05,36005,104,5144
2020-06-05,36047,196,9363
2020-06-05,36061,85,5317
2020-06-05,36081,158,7675
2020-06-05,36085,28,1886
2020-06-06,36005,98,4163
2020-06-06,36047,165,8371
2020-06-06,36061,56,4711
2020-06-06,36081,113,6500
2020-06-06,36085,26,1379
2020-06-07,36005,72,3720
2020-06-07,36047,129,7250
2020-06-07,36061,39,4045
2020-06-07,36081,134,6522
2020-06-07,36085,10,1182
2020-06-08,36005,75,3214
2020-06-08,36047,107,5486
2020-06-08,36061,41,3954
2020-06-08,36081,97,5236
2020-06-08,36085,20,895
2020-06-09,36005,96,4468
2020-06-09,36047,117,8817
2020-06-09,36061,66,5434
2020-06-09,36081,132,7770
2020-06-09,36085,14,1144
2020-06-10,36005,93,3930
2020-06-10,36047,121,6513
2020-06-10,36061,60,5000
2020-06-10,36081,106,6801
2020-06-10,36085,19,1290
2020-06-11,36005,80,4895
2020-06-11,36047,127,8665
2020-06-11,36061,68,5665
2020-06-11,36081,142,7575
2020-06-11,36085,20,1547
2020-06-12,36005,105,5869
2020-06-12,36047,185,10213
2020-06-12,36061,77,6295
2020-06-12,36081,155,7818
2020-06-12,36085,17,1596
2020-06-13,36005,66,4579
2020-06-13,36047,140,9004
2020-06-13,36061,44,5529
2020-06-13,36081,95,6739
2020-06-13,36085,40,1366
2020-06-14,36005,78,4690
2020-06-14,36047,118,8877
2020-06-14,36061,54,6045
2020-06-14,36081,111,7491
2020-06-14,36085,21,1391
2020-06-15,36005,65,4543
2020-06-15,36047,97,8003
2020-06-15,36061,50,6184
2020-06-15,36081,110,7038
2020-06-15,36085,10,2387
2020-06-16,36005,68,5108
2020-06-16,36047,112,8471
2020-06-16,36061,31,5833
2020-06-16,36081,134,8320
2020-06-16,36085,5,1327
2020-06-17,36005,53,5557
2020-06-17,36047,115,10050
2020-06-17,36061,52,6700
2020-06-17,36081,92,8702
2020-06-17,36085,7,1579
2020-06-18,36005,85,6278
2020-06-18,36047,132,10957
2020-06-18,36061,64,7876
2020-06-18,36081,112,9088
2020-06-18,36085,17,2306
2020-06-19,36005,64,5008
2020-06-19,36047,127,10521
2020-06-19,36061,67,7969
2020-06-19,36081,106,9759
2020-06-19,36085,27,1882
2020-06-20,36005,48,4699
2020-06-20,36047,113,9855
2020-06-20,36061,75,7601
2020-06-20,36081,135,9123
2020-06-20,36085,14,1750
2020-06-21,36005,65,4911
2020-06-21,36047,75,7192
2020-06-21,36061,51,4873
2020-06-21,36081,91,8241
2020-06-21,36085,13,1507
2020-06-22,36005,62,3723
2020-06-22,36047,98,5818
2020-06-22,36061,58,4886
2020-06-22,36081,85,6543
2020-06-22,36085,12,1121
2020-06-23,36005,76,3566
2020-06-23,36047,64,6707
2020-06-23,36061,57,4933
2020-06-23,36081,84,6687
2020-06-23,36085,11,1900
2020-06-24,36005,64,4936
2020-06-24,36047,95,7584
2020-06-24,36061,60,6490
2020-06-24,36081,106,7732
2020-06-24,36085,26,2036
2020-06-25,36005,89,4382
2020-06-25,36047,105,7415
2020-06-25,36061,58,6506
2020-06-25,36081,102,6965
2020-06-25,36085,17,1709
2020-06-26,36005,73,5803
2020-06-26,36047,109,10223
2020-06-26,36061,81,8758
2020-06-26,36081,86,9721
2020-06-26,36085,15,1697
2020-06-27,36005,60,5212
2020-06-27,36047,87,8504
2020-06-27,36061,49,5887
2020-06-27,36081,101,7679
2020-06-27,36085,21,1581
2020-06-28,36005,41,3588
2020-06-28,36047,69,5376
2020-06-28,36061,21,4008
2020-06-28,36081,49,4738
2020-06-28,36085,9,979
2020-06-29,36005,43,4058
2020-06-29,36047,74,6649
2020-06-29,36061,46,5282
2020-06-29,36081,66,5591
2020-06-29,36085,11,1749
2020-06-30,36005,53,4727
2020-06-30,36047,92,7720
2020-06-30,36061,71,6206
2020-06-30,36081,64,6094
2020-06-30,36085,16,1305
2020-07-01,36005,107,5278
2020-07-01,36047,113,9246
2020-07-01,36061,78,7181
2020-07-01,36081,113,8290
2020-07-01,36085,16,1787
2020-07-02,36005,80,5523
2020-07-02,36047,102,8649
2020-07-02,36061,102,7061
2020-07-02,36081,137,8119
2020-07-02,36085,39,1955
2020-07-03,36005,64,4449
2020-07-03,36047,121,7504
2020-07-03,36061,62,6197
2020-07-03,36081,95,7215
2020-07-03,36085,26,1613
2020-07-04,36005,36,4274
2020-07-04,36047,71,7532
2020-07-04,36061,44,5730
2020-07-04,36081,76,7214
2020-07-04,36085,12,1578
2020-07-05,36005,56,4112
2020-07-05,36047,61,7272
2020-07-05,36061,66,7732
2020-07-05,36081,52,5746
2020-07-05,36085,11,1363
2020-07-06,36005,44,3695
2020-07-06,36047,70,7673
2020-07-06,36061,50,6250
2020-07-06,36081,96,6329
2020-07-06,36085,12,1707
2020-07-07,36005,39,3459
2020-07-07,36047,105,6909
2020-07-07,36061,52,6975
2020-07-07,36081,75,6300
2020-07-07,36085,18,1406
2020-07-08,36005,51,3994
2020-07-08,36047,74,7227
2020-07-08,36061,56,6502
2020-07-08,36081,76,7106
2020-07-08,36085,19,1592
2020-07-09,36005,82,5703
2020-07-09,36047,99,8796
2020-07-09,36061,80,8368
2020-07-09,36081,67,7808
2020-07-09,36085,23,1876
2020-07-10,36005,59,4931
2020-07-10,36047,87,7546
2020-07-10,36061,56,8214
2020-07-10,36081,82,7980
2020-07-10,36085,23,1837
2020-07-11,36005,60,4403
2020-07-11,36047,101,7261
2020-07-11,36061,72,6860
2020-07-11,36081,87,6788
2020-07-11,36085,21,1681
2020-07-12,36005,50,3981
2020-07-12,36047,67,5923
2020-07-12,36061,65,5415
2020-07-12,36081,56,5887
2020-07-12,36085,12,1495
2020-07-13,36005,56,4169
2020-07-13,36047,89,5637
2020-07-13,36061,61,5422
2020-07-13,36081,78,5536
2020-07-13,36085,31,1891
2020-07-14,36005,63,4435
2020-07-14,36047,108,7601
2020-07-14,36061,79,6907
2020-07-14,36081,98,7211
2020-07-14,36085,17,1604
2020-07-15,36005,79,5635
2020-07-15,36047,112,8188
2020-07-15,36061,74,7545
2020-07-15,36081,92,8384
2020-07-15,36085,28,1878
2020-07-16,36005,68,5249
2020-07-16,36047,109,10677
2020-07-16,36061,74,8267
2020-07-16,36081,94,8941
2020-07-16,36085,22,2004
2020-07-17,36005,72,5748
2020-07-17,36047,117,9341
2020-07-17,36061,86,7329
2020-07-17,36081,92,6874
2020-07-17,36085,20,1566
2020-07-18,36005,54,4297
2020-07-18,36047,80,6258
2020-07-18,36061,56,5435
2020-07-18,36081,86,5406
2020-07-18,36085,21,1301
2020-07-19,36005,68,3542
2020-07-19,36047,56,5903
2020-07-19,36061,65,5932
2020-07-19,36081,72,5737
2020-07-19,36085,23,1213
2020-07-20,36005,90,4507
2020-07-20,36047,80,8084
2020-07-20,36061,71,6704
2020-07-20,36081,115,7289
2020-07-20,36085,36,2050
2020-07-21,36005,91,5493
2020-07-21,36047,94,8182
2020-07-21,36061,76,7537
2020-07-21,36081,71,7513
2020-07-21,36085,18,1252
2020-07-22,36005,69,4806
2020-07-22,36047,90,8776
2020-07-22,36061,89,7518
2020-07-22,36081,109,7522
2020-07-22,36085,30,1890
2020-07-23,36005,114,5276
2020-07-23,36047,72,9525
2020-07-23,36061,64,7407
2020-07-23,36081,84,8061
2020-07-23,36085,26,2065
2020-07-24,36005,80,4754
2020-07-24,36047,102,7667
2020-07-24,36061,64,7259
2020-07-24,36081,74,7014
2020-07-24,36085,20,1909
2020-07-25,36005,56,3712
2020-07-25,36047,62,6610
2020-07-25,36061,32,4953
2020-07-25,36081,63,4879
2020-07-25,36085,16,1116
2020-07-26,36005,52,3461
2020-07-26,36047,64,7056
2020-07-26,36061,57,5374
2020-07-26,36081,85,6561
2020-07-26,36085,32,1401
2020-07-27,36005,34,3651
2020-07-27,36047,57,6373
2020-07-27,36061,30,5657
2020-07-27,36081,60,5577
2020-07-27,36085,17,1571
2020-07-28,36005,59,3396
2020-07-28,36047,84,8814
2020-07-28,36061,49,6547
2020-07-28,36081,81,7120
2020-07-28,36085,29,1532
2020-07-29,36005,47,4742
2020-07-29,36047,101,9162
2020-07-29,36061,69,7384
2020-07-29,36081,74,6889
2020-07-29,36085,21,1720
2020-07-30,36005,46,3995
2020-07-30,36047,90,9098
2020-07-30,36061,59,7853
2020-07-30,36081,74,7564
2020-07-30,36085,16,1562
2020-07-31,36005,53,5254
2020-07-31,36047,109,10666
2020-07-31,36061,60,9504
2020-07-31,36081,73,9723
2020-07-31,36085,17,2229
2020-08-01,36005,50,3384
2020-08-01,36047,83,7444
2020-08-01,36061,46,6821
2020-08-01,36081,60,6642
2020-08-01,36085,24,1599
2020-08-02,36005,38,3630
2020-08-02,36047,64,6911
2020-08-02,36061,57,6700
2020-08-02,36081,65,6268
2020-08-02,36085,17,1423
2020-08-03,36005,109,7059
2020-08-03,36047,74,7512
2020-08-03,36061,56,6756
2020-08-03,36081,59,7005
2020-08-03,36085,18,1840
2020-08-04,36005,83,5303
2020-08-04,36047,75,8137
2020-08-04,36061,57,6796
2020-08-04,36081,72,7698
2020-08-04,36085,14,1493
2020-08-05,36005,75,5206
2020-08-05,36047,100,8927
2020-08-05,36061,65,7633
2020-08-05,36081,71,7812
2020-08-05,36085,23,1917
2020-08-06,36005,77,5151
2020-08-06,36047,109,8736
2020-08-06,36061,60,7424
2020-08-06,36081,84,7536
2020-08-06,36085,14,1679
2020-08-07,36005,63,4632
2020-08-07,36047,87,9199
2020-08-07,36061,61,7852
2020-08-07,36081,96,9243
2020-08-07,36085,18,2154
2020-08-08,36005,68,5261
2020-08-08,36047,69,7684
2020-08-08,36061,43,7177
2020-08-08,36081,56,7166
2020-08-08,36085,12,1395
2020-08-09,36005,38,4748
2020-08-09,36047,68,6586
2020-08-09,36061,52,6512
2020-08-09,36081,66,6810
2020-08-09,36085,13,1655
2020-08-10,36005,52,5085
2020-08-10,36047,85,7832
2020-08-10,36061,55,6637
2020-08-10,36081,63,7557
2020-08-10,36085,19,2137
2020-08-11,36005,91,7936
2020-08-11,36047,102,13376
2020-08-11,36061,76,11411
2020-08-11,36081,96,11296
2020-08-11,36085,21,2162
2020-08-12,36005,116,7112
2020-08-12,36047,132,11991
2020-08-12,36061,70,10005
2020-08-12,36081,96,10587
2020-08-12,36085,24,2896
2020-08-13,36005,94,6421
2020-08-13,36047,94,11534
2020-08-13,36061,62,9097
2020-08-13,36081,98,9417
2020-08-13,36085,19,2232
2020-08-14,36005,72,6854
2020-08-14,36047,143,11157
2020-08-14,36061,63,10046
2020-08-14,36081,75,9485
2020-08-14,36085,29,2190
2020-08-15,36005,73,6404
2020-08-15,36047,82,9558
2020-08-15,36061,56,8877
2020-08-15,36081,76,8964
2020-08-15,36085,20,1946
2020-08-16,36005,62,4741
2020-08-16,36047,52,7178
2020-08-16,36061,43,6499
2020-08-16,36081,71,6531
2020-08-16,36085,7,1454
2020-08-17,36005,54,4675
2020-08-17,36047,89,6635
2020-08-17,36061,64,6304
2020-08-17,36081,63,7566
2020-08-17,36085,14,1440
2020-08-18,36005,67,5593
2020-08-18,36047,80,9135
2020-08-18,36061,36,7227
2020-08-18,36081,76,8697
2020-08-18,36085,14,2347
2020-08-19,36005,47,5404
2020-08-19,36047,80,8866
2020-08-19,36061,62,8868
2020-08-19,36081,67,7919
2020-08-19,36085,17,2464
2020-08-20,36005,56,6412
2020-08-20,36047,74,10187
2020-08-20,36061,58,13084
2020-08-20,36081,87,9595
2020-08-20,36085,11,2418
2020-08-21,36005,57,6575
2020-08-21,36047,65,10752
2020-08-21,36061,47,10874
2020-08-21,36081,85,9864
2020-08-21,36085,13,2419
2020-08-22,36005,70,4938
2020-08-22,36047,74,9135
2020-08-22,36061,44,8759
2020-08-22,36081,71,8021
2020-08-22,36085,20,2047
2020-08-23,36005,57,5139
2020-08-23,36047,47,7826
2020-08-23,36061,44,7078
2020-08-23,36081,51,6731
2020-08-23,36085,15,1899
2020-08-24,36005,45,4295
2020-08-24,36047,73,7206
2020-08-24,36061,41,6311
2020-08-24,36081,60,7615
2020-08-24,36085,12,1976
2020-08-25,36005,53,5356
2020-08-25,36047,76,7982
2020-08-25,36061,48,6958
2020-08-25,36081,65,7380
2020-08-25,36085,17,2295
2020-08-26,36005,65,5536
2020-08-26,36047,92,9334
2020-08-26,36061,50,8611
2020-08-26,36081,90,9323
2020-08-26,36085,18,1950
2020-08-27,36005,49,6190
2020-08-27,36047,90,12228
2020-08-27,36061,42,10796
2020-08-27,36081,74,10808
2020-08-27,36085,15,2716
2020-08-28,36005,62,6306
2020-08-28,36047,103,10970
2020-08-28,36061,36,10384
2020-08-28,36081,64,9361
2020-08-28,36085,13,2633
2020-08-29,36005,65,6777
2020-08-29,36047,73,11050
2020-08-29,36061,62,12710
2020-08-29,36081,64,9959
2020-08-29,36085,17,2346
2020-08-30,36005,77,4853
2020-08-30,36047,68,6950
2020-08-30,36061,44,8524
2020-08-30,36081,60,7760
2020-08-30,36085,19,1528
2020-08-31,36005,53,4880
2020-08-31,36047,120,9322
2020-08-31,36061,46,8300
2020-08-31,36081,66,7896
2020-08-31,36085,20,2469
2020-09-01,36005,48,7315
2020-09-01,36047,83,9606
2020-09-01,36061,52,9625
2020-09-01,36081,56,8304
2020-09-01,36085,24,2045
2020-09-02,36005,56,5696
2020-09-02,36047,127,10421
2020-09-02,36061,33,10430
2020-09-02,36081,69,8548
2020-09-02,36085,18,2887
2020-09-03,36005,52,6596
2020-09-03,36047,112,13236
2020-09-03,36061,59,11920
2020-09-03,36081,83,10286
2020-09-03,36085,19,2642
2020-09-04,36005,41,6367
2020-09-04,36047,100,10610
2020-09-04,36061,62,11633
2020-09-04,36081,53,9136
2020-09-04,36085,24,2553
2020-09-05,36005,52,5858
2020-09-05,36047,86,11113
2020-09-05,36061,54,10017
2020-09-05,36081,76,10152
2020-09-05,36085,27,2668
2020-09-06,36005,32,4414
2020-09-06,36047,74,7347
2020-09-06,36061,16,5527
2020-09-06,36081,50,6320
2020-09-06,36085,31,1847
2020-09-07,36005,40,5366
2020-09-07,36047,57,6685
2020-09-07,36061,19,5234
2020-09-07,36081,91,6496
2020-09-07,36085,15,1483
2020-09-08,36005,34,5579
2020-09-08,36047,62,8219
2020-09-08,36061,39,6593
2020-09-08,36081,57,7076
2020-09-08,36085,20,1828
2020-09-09,36005,58,5659
2020-09-09,36047,110,9074
2020-09-09,36061,51,7679
2020-09-09,36081,93,8091
2020-09-09,36085,24,2525
2020-09-10,36005,49,5615
2020-09-10,36047,80,9840
2020-09-10,36061,52,10270
2020-09-10,36081,61,8442
2020-09-10,36085,27,1967
2020-09-11,36005,61,7455
2020-09-11,36047,116,11403
2020-09-11,36061,40,11620
2020-09-11,36081,62,10533
2020-09-11,36085,28,3041
2020-09-12,36005,49,4625
2020-09-12,36047,73,7593
2020-09-12,36061,34,7537
2020-09-12,36081,71,7349
2020-09-12,36085,17,1740
2020-09-13,36005,46,4287
2020-09-13,36047,77,7305
2020-09-13,36061,51,8092
2020-09-13,36081,69,6250
2020-09-13,36085,22,1602
2020-09-14,36005,54,4856
2020-09-14,36047,107,7998
2020-09-14,36061,44,6555
2020-09-14,36081,74,6875
2020-09-14,36085,27,2318
2020-09-15,36005,36,4810
2020-09-15,36047,87,9008
2020-09-15,36061,63,8839
2020-09-15,36081,55,6737
2020-09-15,36085,11,1532
2020-09-16,36005,51,5952
2020-09-16,36047,118,8621
2020-09-16,36061,57,8957
2020-09-16,36081,83,8033
2020-09-16,36085,24,2426
2020-09-17,36005,46,5601
2020-09-17,36047,151,10340
2020-09-17,36061,46,10383
2020-09-17,36081,82,9318
2020-09-17,36085,23,2017
2020-09-18,36005,58,6097
2020-09-18,36047,234,13785
2020-09-18,36061,73,11606
2020-09-18,36081,103,12199
2020-09-18,36085,24,2718
2020-09-19,36005,52,7103
2020-09-19,36047,166,12176
2020-09-19,36061,59,10760
2020-09-19,36081,105,11184
2020-09-19,36085,17,2408
2020-09-20,36005,41,3855
2020-09-20,36047,91,7212
2020-09-20,36061,35,7034
2020-09-20,36081,70,6184
2020-09-20,36085,23,1329
2020-09-21,36005,47,5869
2020-09-21,36047,164,11984
2020-09-21,36061,41,8272
2020-09-21,36081,66,8531
2020-09-21,36085,33,2287
2020-09-22,36005,44,5074
2020-09-22,36047,119,7473
2020-09-22,36061,41,6599
2020-09-22,36081,63,5880
2020-09-22,36085,13,1076
2020-09-23,36005,46,5816
2020-09-23,36047,207,11104
2020-09-23,36061,49,8558
2020-09-23,36081,97,9529
2020-09-23,36085,24,2677
2020-09-24,36005,59,7130
2020-09-24,36047,175,10044
2020-09-24,36061,50,9691
2020-09-24,36081,73,9256
2020-09-24,36085,14,2118
2020-09-25,36005,57,6385
2020-09-25,36047,204,12389
2020-09-25,36061,48,10300
2020-09-25,36081,91,9256
2020-09-25,36085,30,2524
2020-09-26,36005,48,4939
2020-09-26,36047,184,9240
2020-09-26,36061,36,9083
2020-09-26,36081,91,7328
2020-09-26,36085,23,2226
2020-09-27,36005,36,3457
2020-09-27,36047,184,6977
2020-09-27,36061,47,5701
2020-09-27,36081,90,5595
2020-09-27,36085,23,1744
2020-09-28,36005,69,6624
2020-09-28,36047,196,11497
2020-09-28,36061,79,10863
2020-09-28,36081,142,9741
2020-09-28,36085,37,2385
2020-09-29,36005,66,6021
2020-09-29,36047,186,10550
2020-09-29,36061,64,11152
2020-09-29,36081,91,7761
2020-09-29,36085,39,1762
2020-09-30,36005,78,5917
2020-09-30,36047,218,11368
2020-09-30,36061,65,9523
2020-09-30,36081,136,10677
2020-09-30,36085,36,2281
2020-10-01,36005,63,6555
2020-10-01,36047,257,13485
2020-10-01,36061,72,10207
2020-10-01,36081,171,9886
2020-10-01,36085,36,2341
2020-10-02,36005,66,6513
2020-10-02,36047,359,15896
2020-10-02,36061,92,13506
2020-10-02,36081,149,12381
2020-10-02,36085,46,3278
2020-10-03,36005,55,5283
2020-10-03,36047,256,10883
2020-10-03,36061,72,10812
2020-10-03,36081,119,8948
2020-10-03,36085,30,2661
2020-10-04,36005,65,4518
2020-10-04,36047,198,7792
2020-10-04,36061,72,10235
2020-10-04,36081,114,6933
2020-10-04,36085,20,1760
2020-10-05,36005,84,6190
2020-10-05,36047,223,10655
2020-10-05,36061,70,9226
2020-10-05,36081,138,10480
2020-10-05,36085,52,2813
2020-10-06,36005,55,5843
2020-10-06,36047,262,11668
2020-10-06,36061,46,8706
2020-10-06,36081,153,9126
2020-10-06,36085,31,2181
2020-10-07,36005,61,6595
2020-10-07,36047,283,17057
2020-10-07,36061,93,12731
2020-10-07,36081,206,16093
2020-10-07,36085,54,3977
2020-10-08,36005,74,7000
2020-10-08,36047,299,15913
2020-10-08,36061,74,14129
2020-10-08,36081,148,12865
2020-10-08,36085,30,2488
2020-10-09,36005,71,6783
2020-10-09,36047,234,16528
2020-10-09,36061,79,13040
2020-10-09,36081,140,11709
2020-10-09,36085,49,3396
2020-10-10,36005,74,6145
2020-10-10,36047,199,13013
2020-10-10,36061,47,11195
2020-10-10,36081,121,10487
2020-10-10,36085,28,2813
2020-10-11,36005,59,3931
2020-10-11,36047,121,10104
2020-10-11,36061,65,10316
2020-10-11,36081,115,8193
2020-10-11,36085,33,2630
2020-10-12,36005,66,6550
2020-10-12,36047,185,12303
2020-10-12,36061,92,10128
2020-10-12,36081,140,10364
2020-10-12,36085,62,3100
2020-10-13,36005,46,5901
2020-10-13,36047,218,11199
2020-10-13,36061,68,8901
2020-10-13,36081,106,9125
2020-10-13,36085,26,2079
2020-10-14,36005,71,6175
2020-10-14,36047,210,17751
2020-10-14,36061,68,12302
2020-10-14,36081,122,12287
2020-10-14,36085,37,2716
2020-10-15,36005,121,7401
2020-10-15,36047,229,16355
2020-10-15,36061,98,13484
2020-10-15,36081,166,14006
2020-10-15,36085,46,3256
2020-10-16,36005,109,9057
2020-10-16,36047,296,20191
2020-10-16,36061,136,18128
2020-10-16,36081,200,15406
2020-10-16,36085,65,4790
2020-10-17,36005,102,6913
2020-10-17,36047,229,15572
2020-10-17,36061,120,18641
2020-10-17,36081,111,12028
2020-10-17,36085,50,3621
2020-10-18,36005,63,5076
2020-10-18,36047,140,9457
2020-10-18,36061,63,8262
2020-10-18,36081,127,7713
2020-10-18,36085,26,1988
2020-10-19,36005,51,5727
2020-10-19,36047,170,9549
2020-10-19,36061,71,7225
2020-10-19,36081,108,7984
2020-10-19,36085,36,2376
2020-10-20,36005,105,7913
2020-10-20,36047,333,15168
2020-10-20,36061,124,13637
2020-10-20,36081,199,11488
2020-10-20,36085,78,3394
2020-10-21,36005,78,7001
2020-10-21,36047,169,14185
2020-10-21,36061,96,11719
2020-10-21,36081,155,11729
2020-10-21,36085,32,2804
2020-10-22,36005,86,7638
2020-10-22,36047,180,17875
2020-10-22,36061,114,13305
2020-10-22,36081,155,14185
2020-10-22,36085,37,3598
2020-10-23,36005,100,9463
2020-10-23,36047,225,16841
2020-10-23,36061,151,15246
2020-10-23,36081,204,14660
2020-10-23,36085,75,3988
2020-10-24,36005,120,6746
2020-10-24,36047,214,14425
2020-10-24,36061,112,11876
2020-10-24,36081,163,11490
2020-10-24,36085,44,2922
2020-10-25,36005,76,4810
2020-10-25,36047,150,9493
2020-10-25,36061,65,7369
2020-10-25,36081,96,7858
2020-10-25,36085,37,1832
2020-10-26,36005,127,7625
2020-10-26,36047,200,11831
2020-10-26,36061,108,9710
2020-10-26,36081,207,9835
2020-10-26,36085,89,4278
2020-10-27,36005,141,7502
2020-10-27,36047,266,16524
2020-10-27,36061,179,13730
2020-10-27,36081,173,11639
2020-10-27,36085,78,2959
2020-10-28,36005,173,8268
2020-10-28,36047,347,20519
2020-10-28,36061,148,20285
2020-10-28,36081,285,16842
2020-10-28,36085,107,4395
2020-10-29,36005,134,8374
2020-10-29,36047,263,16922
2020-10-29,36061,176,14653
2020-10-29,36081,233,14015
2020-10-29,36085,98,3388
2020-10-30,36005,105,6472
2020-10-30,36047,207,14340
2020-10-30,36061,116,13910
2020-10-30,36081,194,12990
2020-10-30,36085,78,3647
2020-10-31,36005,145,7970
2020-10-31,36047,253,17554
2020-10-31,36061,197,21990
2020-10-31,36081,242,14091
2020-10-31,36085,109,3817
2020-11-01,36005,87,5711
2020-11-01,36047,208,11520
2020-11-01,36061,102,11708
2020-11-01,36081,185,10322
2020-11-01,36085,59,2396
2020-11-02,36005,166,7612
2020-11-02,36047,217,15311
2020-11-02,36061,166,15305
2020-11-02,36081,179,11619
2020-11-02,36085,74,3050
2020-11-03,36005,128,9342
2020-11-03,36047,326,20385
2020-11-03,36061,119,13663
2020-11-03,36081,174,14758
2020-11-03,36085,49,2344
2020-11-04,36005,168,8766
2020-11-04,36047,353,20708
2020-11-04,36061,178,15248
2020-11-04,36081,252,16128
2020-11-04,36085,115,3848
2020-11-05,36005,195,8616
2020-11-05,36047,368,18826
2020-11-05,36061,153,14951
2020-11-05,36081,297,15146
2020-11-05,36085,191,5425
2020-11-06,36005,162,8248
2020-11-06,36047,349,19344
2020-11-06,36061,211,16366
2020-11-06,36081,307,14318
2020-11-06,36085,137,4566
2020-11-07,36005,247,7622
2020-11-07,36047,514,19193
2020-11-07,36061,299,17892
2020-11-07,36081,361,15522
2020-11-07,36085,128,4459
2020-11-08,36005,169,6412
2020-11-08,36047,331,13290
2020-11-08,36061,231,11235
2020-11-08,36081,298,10972
2020-11-08,36085,126,3302
2020-11-09,36005,192,7118
2020-11-09,36047,329,17232
2020-11-09,36061,213,11587
2020-11-09,36081,338,10465
2020-11-09,36085,138,3175
2020-11-10,36005,232,8467
2020-11-10,36047,485,17899
2020-11-10,36061,284,14497
2020-11-10,36081,515,15362
2020-11-10,36085,215,4472
2020-11-11,36005,260,10017
2020-11-11,36047,450,19879
2020-11-11,36061,337,17622
2020-11-11,36081,454,16288
2020-11-11,36085,160,4294
2020-11-12,36005,288,9640
2020-11-12,36047,483,21759
2020-11-12,36061,347,20124
2020-11-12,36081,478,17332
2020-11-12,36085,229,4967
2020-11-13,36005,287,9304
2020-11-13,36047,455,21833
2020-11-13,36061,344,18510
2020-11-13,36081,485,16975
2020-11-13,36085,226,5082
2020-11-14,36005,221,8577
2020-11-14,36047,425,19936
2020-11-14,36061,275,16862
2020-11-14,36081,385,15497
2020-11-14,36085,151,4354
2020-11-15,36005,193,7791
2020-11-15,36047,315,16714
2020-11-15,36061,251,15093
2020-11-15,36081,419,12700
2020-11-15,36085,107,3502
2020-11-16,36005,360,9711
2020-11-16,36047,404,17499
2020-11-16,36061,361,15541
2020-11-16,36081,536,17365
2020-11-16,36085,273,5729
2020-11-17,36005,283,7310
2020-11-17,36047,453,17250
2020-11-17,36061,320,14144
2020-11-17,36081,498,14956
2020-11-17,36085,192,4468
2020-11-18,36005,308,11470
2020-11-18,36047,540,22921
2020-11-18,36061,355,19760
2020-11-18,36081,460,18574
2020-11-18,36085,184,4428
2020-11-19,36005,378,11971
2020-11-19,36047,525,24191
2020-11-19,36061,358,20927
2020-11-19,36081,574,21174
2020-11-19,36085,188,5437
2020-11-20,36005,402,10573
2020-11-20,36047,523,21874
2020-11-20,36061,376,18770
2020-11-20,36081,441,18596
2020-11-20,36085,203,5386
2020-11-21,36005,344,10354
2020-11-21,36047,479,23919
2020-11-21,36061,358,24648
2020-11-21,36081,493,16843
2020-11-21,36085,256,5835
2020-11-22,36005,337,9809
2020-11-22,36047,499,18797
2020-11-22,36061,310,21377
2020-11-22,36081,469,15987
2020-11-22,36085,167,4009
2020-11-23,36005,301,8456
2020-11-23,36047,453,18643
2020-11-23,36061,318,18297
2020-11-23,36081,438,16915
2020-11-23,36085,219,5965
2020-11-24,36005,347,8787
2020-11-24,36047,491,19803
2020-11-24,36061,302,19745
2020-11-24,36081,511,16926
2020-11-24,36085,265,5774
2020-11-25,36005,415,11716
2020-11-25,36047,576,25685
2020-11-25,36061,464,30205
2020-11-25,36081,623,20413
2020-11-25,36085,254,7090
2020-11-26,36005,392,10041
2020-11-26,36047,761,27308
2020-11-26,36061,471,27615
2020-11-26,36081,682,20792
2020-11-26,36085,258,5834
2020-11-27,36005,379,9203
2020-11-27,36047,591,20402
2020-11-27,36061,385,17699
2020-11-27,36081,551,17856
2020-11-27,36085,195,5154
2020-11-28,36005,399,9829
2020-11-28,36047,502,17397
2020-11-28,36061,428,15596
2020-11-28,36081,634,18138
2020-11-28,36085,331,6471
2020-11-29,36005,449,9570
2020-11-29,36047,646,18459
2020-11-29,36061,412,13255
2020-11-29,36081,717,17122
2020-11-29,36085,280,4790
2020-11-30,36005,497,10469
2020-11-30,36047,624,15849
2020-11-30,36061,429,14546
2020-11-30,36081,659,16279
2020-11-30,36085,361,5238
2020-12-01,36005,511,10723
2020-12-01,36047,841,20367
2020-12-01,36061,457,18122
2020-12-01,36081,899,17248
2020-12-01,36085,490,7832
2020-12-02,36005,525,10732
2020-12-02,36047,1055,24421
2020-12-02,36061,530,20205
2020-12-02,36081,858,19923
2020-12-02,36085,339,5938
2020-12-03,36005,605,13043
2020-12-03,36047,949,21686
2020-12-03,36061,594,20674
2020-12-03,36081,910,19394
2020-12-03,36085,548,8819
2020-12-04,36005,554,12638
2020-12-04,36047,913,22921
2020-12-04,36061,543,22553
2020-12-04,36081,861,19894
2020-12-04,36085,358,5839
2020-12-05,36005,575,12831
2020-12-05,36047,804,22606
2020-12-05,36061,527,25305
2020-12-05,36081,862,20442
2020-12-05,36085,359,4975
2020-12-06,36005,498,9579
2020-12-06,36047,736,18402
2020-12-06,36061,441,16886
2020-12-06,36081,821,16101
2020-12-06,36085,271,4261
2020-12-07,36005,693,11832
2020-12-07,36047,972,21125
2020-12-07,36061,410,14230
2020-12-07,36081,881,19106
2020-12-07,36085,507,6575
2020-12-08,36005,559,11465
2020-12-08,36047,1074,27802
2020-12-08,36061,535,20616
2020-12-08,36081,1147,24142
2020-12-08,36085,428,6645
2020-12-09,36005,536,12993
2020-12-09,36047,952,22292
2020-12-09,36061,512,19264
2020-12-09,36081,1022,21860
2020-12-09,36085,348,7284
2020-12-10,36005,545,13277
2020-12-10,36047,869,22660
2020-12-10,36061,560,22714
2020-12-10,36081,949,21229
2020-12-10,36085,424,7014
2020-12-11,36005,582,14147
2020-12-11,36047,1227,32393
2020-12-11,36061,685,25854
2020-12-11,36081,1184,29096
2020-12-11,36085,306,6841
2020-12-12,36005,597,14846
2020-12-12,36047,863,22249
2020-12-12,36061,538,21937
2020-12-12,36081,1059,23024
2020-12-12,36085,321,7111
2020-12-13,36005,476,10337
2020-12-13,36047,829,19129
2020-12-13,36061,522,16698
2020-12-13,36081,926,16534
2020-12-13,36085,277,4795
2020-12-14,36005,673,12790
2020-12-14,36047,1162,25228
2020-12-14,36061,619,18983
2020-12-14,36081,1233,25253
2020-12-14,36085,460,8629
2020-12-15,36005,601,11369
2020-12-15,36047,976,19305
2020-12-15,36061,527,15891
2020-12-15,36081,1074,18905
2020-12-15,36085,357,5298
2020-12-16,36005,676,14440
2020-12-16,36047,1036,23630
2020-12-16,36061,552,20666
2020-12-16,36081,1024,20806
2020-12-16,36085,337,6784
2020-12-17,36005,719,15231
2020-12-17,36047,1352,33593
2020-12-17,36061,736,29813
2020-12-17,36081,1350,31231
2020-12-17,36085,350,7604
2020-12-18,36005,517,9952
2020-12-18,36047,1042,24287
2020-12-18,36061,529,19725
2020-12-18,36081,954,22890
2020-12-18,36085,339,5869
2020-12-19,36005,581,12059
2020-12-19,36047,940,23170
2020-12-19,36061,486,22833
2020-12-19,36081,925,19593
2020-12-19,36085,313,6288
2020-12-20,36005,473,8579
2020-12-20,36047,1009,20417
2020-12-20,36061,621,19224
2020-12-20,36081,938,16569
2020-12-20,36085,297,4607
2020-12-21,36005,542,9975
2020-12-21,36047,989,20288
2020-12-21,36061,593,17876
2020-12-21,36081,982,16925
2020-12-21,36085,350,5837
2020-12-22,36005,637,11332
2020-12-22,36047,1346,28213
2020-12-22,36061,624,23864
2020-12-22,36081,1310,23415
2020-12-22,36085,456,7340
2020-12-23,36005,741,14118
2020-12-23,36047,1493,30320
2020-12-23,36061,640,25799
2020-12-23,36081,1426,25075
2020-12-23,36085,470,8504
2020-12-24,36005,776,13161
2020-12-24,36047,1174,25296
2020-12-24,36061,629,24896
2020-12-24,36081,1180,22318
2020-12-24,36085,410,7163
2020-12-25,36005,646,12218
2020-12-25,36047,1224,27619
2020-12-25,36061,582,22656
2020-12-25,36081,1175,23528
2020-12-25,36085,323,6384
2020-12-26,36005,451,8841
2020-12-26,36047,856,15261
2020-12-26,36061,410,10883
2020-12-26,36081,907,15334
2020-12-26,36085,219,3879
2020-12-27,36005,591,7068
2020-12-27,36047,1034,15199
2020-12-27,36061,389,9932
2020-12-27,36081,1115,15666
2020-12-27,36085,394,4309
2020-12-28,36005,754,11562
2020-12-28,36047,1335,23317
2020-12-28,36061,559,15259
2020-12-28,36081,1421,20712
2020-12-28,36085,501,7145
2020-12-29,36005,779,8652
2020-12-29,36047,1456,20514
2020-12-29,36061,589,14412
2020-12-29,36081,1404,17082
2020-12-29,36085,483,5171
2020-12-30,36005,1110,15474
2020-12-30,36047,1767,26301
2020-12-30,36061,767,21739
2020-12-30,36081,1755,22030
2020-12-30,36085,596,8115
2020-12-31,36005,983,12950
2020-12-31,36047,1449,24513
2020-12-31,36061,735,22044
2020-12-31,36081,1576,22594
2020-12-31,36085,551,8710
2021-01-01,36005,1094,13678
2021-01-01,36047,1385,23901
2021-01-01,36061,744,19202
2021-01-01,36081,1507,22559
2021-01-01,36085,499,6812
2021-01-02,36005,577,7220
2021-01-02,36047,846,16004
2021-01-02,36061,416,10373
2021-01-02,36081,1130,17516
2021-01-02,36085,371,5152
2021-01-03,36005,631,7466
2021-01-03,36047,1028,16433
2021-01-03,36061,441,11183
2021-01-03,36081,1196,15757
2021-01-03,36085,430,4761
2021-01-04,36005,798,12715
2021-01-04,36047,1384,19502
2021-01-04,36061,645,13671
2021-01-04,36081,1422,17677
2021-01-04,36085,616,7065
2021-01-05,36005,871,10745
2021-01-05,36047,1572,22413
2021-01-05,36061,826,16981
2021-01-05,36081,1714,22350
2021-01-05,36085,641,7146
2021-01-06,36005,1224,14836
2021-01-06,36047,1858,27851
2021-01-06,36061,906,23741
2021-01-06,36081,1819,25631
2021-01-06,36085,580,8811
2021-01-07,36005,1185,15696
2021-01-07,36047,1788,27559
2021-01-07,36061,978,26141
2021-01-07,36081,1835,26074
2021-01-07,36085,498,7552
2021-01-08,36005,1051,15368
2021-01-08,36047,1678,30909
2021-01-08,36061,854,27882
2021-01-08,36081,1839,28362
2021-01-08,36085,622,10372
2021-01-09,36005,906,15256
2021-01-09,36047,1522,31474
2021-01-09,36061,873,27567
2021-01-09,36081,1549,26581
2021-01-09,36085,469,8040
2021-01-23,36005,196,2425
2021-01-23,36047,251,5003
2021-01-23,36061,123,3780
2021-01-23,36081,233,6513
2021-01-23,36085,102,1834
2021-01-24,36005,1180,17978
2021-01-24,36047,1593,27849
2021-01-24,36061,917,24659
2021-01-24,36081,1592,32319
2021-01-24,36085,413,6680
2021-01-25,36005,966,11361
2021-01-25,36047,1371,19884
2021-01-25,36061,850,18154
2021-01-25,36081,1533,19930
2021-01-25,36085,361,5985
2021-01-26,36005,885,14403
2021-01-26,36047,1600,28199
2021-01-26,36061,685,20464
2021-01-26,36081,1443,24005
2021-01-26,36085,334,6382
2021-01-27,36005,1231,17831
2021-01-27,36047,1833,33520
2021-01-27,36061,923,26039
2021-01-27,36081,1770,30536
2021-01-27,36085,347,7121
2021-01-28,36005,1157,17970
2021-01-28,36047,1739,32541
2021-01-28,36061,883,28575
2021-01-28,36081,1632,30533
2021-01-28,36085,371,8024
2021-01-29,36005,1144,16497
2021-01-29,36047,1815,34292
2021-01-29,36061,899,30238
2021-01-29,36081,1811,32436
2021-01-29,36085,362,8174
2021-01-30,36005,1051,15698
2021-01-30,36047,1521,31505
2021-01-30,36061,775,24020
2021-01-30,36081,1391,30653
2021-01-30,36085,280,6809
2021-01-31,36005,878,12280
2021-01-31,36047,1231,22451
2021-01-31,36061,631,19798
2021-01-31,36081,1199,24454
2021-01-31,36085,255,4750
2021-02-01,36005,799,11199
2021-02-01,36047,1276,20993
2021-02-01,36061,567,13082
2021-02-01,36081,1263,19934
2021-02-01,36085,289,5366
2021-02-02,36005,473,7689
2021-02-02,36047,808,14341
2021-02-02,36061,382,10959
2021-02-02,36081,726,13887
2021-02-02,36085,196,3592
2021-02-03,36005,503,8467
2021-02-03,36047,990,17430
2021-02-03,36061,510,14767
2021-02-03,36081,777,15201
2021-02-03,36085,161,2989
2021-02-04,36005,743,10539
2021-02-04,36047,1216,21870
2021-02-04,36061,687,16488
2021-02-04,36081,1051,19309
2021-02-04,36085,185,4114
2021-02-05,36005,1024,16034
2021-02-05,36047,1538,29941
2021-02-05,36061,872,25599
2021-02-05,36081,1583,27961
2021-02-05,36085,332,7053
2021-02-06,36005,1224,14929
2021-02-06,36047,1456,29396
2021-02-06,36061,826,29185
2021-02-06,36081,1433,27596
2021-02-06,36085,344,6688
2021-02-07,36005,1014,15297
2021-02-07,36047,1261,23674
2021-02-07,36061,656,22314
2021-02-07,36081,1306,26172
2021-02-07,36085,310,5954
2021-02-08,36005,939,11661
2021-02-08,36047,1357,18564
2021-02-08,36061,555,14596
2021-02-08,36081,1259,20680
2021-02-08,36085,243,4552
2021-02-09,36005,729,11791
2021-02-09,36047,1026,21297
2021-02-09,36061,530,15388
2021-02-09,36081,834,16913
2021-02-09,36085,199,4519
2021-02-10,36005,1232,18793
2021-02-10,36047,1609,32022
2021-02-10,36061,689,29319
2021-02-10,36081,1339,30147
2021-02-10,36085,324,7810
2021-02-11,36005,918,15743
2021-02-11,36047,1154,31171
2021-02-11,36061,645,27198
2021-02-11,36081,1200,26687
2021-02-11,36085,278,6460
2021-02-12,36005,1002,17016
2021-02-12,36047,1316,30365
2021-02-12,36061,762,26212
2021-02-12,36081,1200,27297
2021-02-12,36085,300,6819
2021-02-13,36005,798,12890
2021-02-13,36047,1107,26952
2021-02-13,36061,686,25043
2021-02-13,36081,1198,27014
2021-02-13,36085,332,6231
2021-02-14,36005,723,13449
2021-02-14,36047,961,19661
2021-02-14,36061,516,19131
2021-02-14,36081,1044,21111
2021-02-14,36085,211,4930
2021-02-15,36005,693,10129
2021-02-15,36047,1137,19873
2021-02-15,36061,516,13198
2021-02-15,36081,1132,19614
2021-02-15,36085,220,4704
2021-02-16,36005,573,9586
2021-02-16,36047,965,21612
2021-02-16,36061,422,16322
2021-02-16,36081,886,15541
2021-02-16,36085,232,4985
2021-02-17,36005,668,13434
2021-02-17,36047,1029,29572
2021-02-17,36061,533,19475
2021-02-17,36081,1000,23161
2021-02-17,36085,209,5896
2021-02-18,36005,1074,15951
2021-02-18,36047,1414,29686
2021-02-18,36061,784,25600
2021-02-18,36081,1313,26351
2021-02-18,36085,286,6561
2021-02-19,36005,798,14333
2021-02-19,36047,1275,28533
2021-02-19,36061,699,23690
2021-02-19,36081,1132,24949
2021-02-19,36085,246,5645
2021-02-20,36005,651,10976
2021-02-20,36047,1029,22036
2021-02-20,36061,539,24771
2021-02-20,36081,953,18861
2021-02-20,36085,212,4012
2021-02-21,36005,648,9979
2021-02-21,36047,946,18769
2021-02-21,36061,547,15881
2021-02-21,36081,1001,18288
2021-02-21,36085,216,4300
2021-02-22,36005,692,10140
2021-02-22,36047,1039,16443
2021-02-22,36061,519,14370
2021-02-22,36081,1060,17998
2021-02-22,36085,222,3841
2021-02-23,36005,469,12851
2021-02-23,36047,1299,32950
2021-02-23,36061,456,19254
2021-02-23,36081,898,21582
2021-02-23,36085,241,5875
2021-02-24,36005,935,16702
2021-02-24,36047,1311,30366
2021-02-24,36061,711,25909
2021-02-24,36081,1109,27906
2021-02-24,36085,247,7131
2021-02-25,36005,935,18005
2021-02-25,36047,1374,35092
2021-02-25,36061,723,30536
2021-02-25,36081,1111,26936
2021-02-25,36085,276,7427
2021-02-26,36005,841,17958
2021-02-26,36047,1306,33359
2021-02-26,36061,693,30825
2021-02-26,36081,1264,32555
2021-02-26,36085,267,7540
2021-02-27,36005,824,15737
2021-02-27,36047,1134,31372
2021-02-27,36061,647,28970
2021-02-27,36081,1068,27562
2021-02-27,36085,284,6408
2021-02-28,36005,671,14219
2021-02-28,36047,1025,22228
2021-02-28,36061,563,19054
2021-02-28,36081,1022,23308
2021-02-28,36085,221,5127
2021-03-01,36005,600,8969
2021-03-01,36047,967,14684
2021-03-01,36061,416,11179
2021-03-01,36081,911,15306
2021-03-01,36085,221,3696
2021-03-02,36005,754,13461
2021-03-02,36047,1478,31200
2021-03-02,36061,643,21054
2021-03-02,36081,1168,24057
2021-03-02,36085,272,5656
2021-03-03,36005,731,15893
2021-03-03,36047,1209,31246
2021-03-03,36061,624,26639
2021-03-03,36081,1148,28308
2021-03-03,36085,313,7164
2021-03-04,36005,929,19653
2021-03-04,36047,1439,40401
2021-03-04,36061,805,30756
2021-03-04,36081,1300,35553
2021-03-04,36085,382,8835
2021-03-05,36005,778,16669
2021-03-05,36047,1272,34173
2021-03-05,36061,721,30114
2021-03-05,36081,1014,27356
2021-03-05,36085,293,7334
2021-03-06,36005,618,12683
2021-03-06,36047,1049,23658
2021-03-06,36061,543,20298
2021-03-06,36081,1020,23408
2021-03-06,36085,276,6299
2021-03-07,36005,457,9061
2021-03-07,36047,776,15971
2021-03-07,36061,416,18931
2021-03-07,36081,878,17998
2021-03-07,36085,220,3674
2021-03-08,36005,728,14978
2021-03-08,36047,1158,27200
2021-03-08,36061,562,16579
2021-03-08,36081,1171,23639
2021-03-08,36085,324,6372
2021-03-09,36005,560,12813
2021-03-09,36047,1066,27946
2021-03-09,36061,575,18349
2021-03-09,36081,972,20033
2021-03-09,36085,247,5049
2021-03-10,36005,611,14094
2021-03-10,36047,1173,29326
2021-03-10,36061,562,21840
2021-03-10,36081,979,24577
2021-03-10,36085,222,6230
2021-03-11,36005,910,18610
2021-03-11,36047,1572,35609
2021-03-11,36061,807,29946
2021-03-11,36081,1404,31042
2021-03-11,36085,387,7939
2021-03-12,36005,582,13646
2021-03-12,36047,1109,26002
2021-03-12,36061,523,21022
2021-03-12,36081,978,22326
2021-03-12,36085,263,4838
2021-03-13,36005,437,9658
2021-03-13,36047,925,21101
2021-03-13,36061,524,21927
2021-03-13,36081,1036,19958
2021-03-13,36085,212,5205
2021-03-14,36005,451,8189
2021-03-14,36047,908,14750
2021-03-14,36061,457,12058
2021-03-14,36081,961,16540
2021-03-14,36085,226,3644
2021-03-15,36005,556,11046
2021-03-15,36047,1078,21839
2021-03-15,36061,389,14279
2021-03-15,36081,1102,16173
2021-03-15,36085,244,3692
2021-03-16,36005,976,19623
2021-03-16,36047,1711,46316
2021-03-16,36061,834,24562
2021-03-16,36081,1506,35604
2021-03-16,36085,363,9652
2021-03-17,36005,701,16443
2021-03-17,36047,1226,29274
2021-03-17,36061,659,31961
2021-03-17,36081,1201,28230
2021-03-17,36085,259,6654
2021-03-18,36005,745,18198
2021-03-18,36047,1400,33525
2021-03-18,36061,685,29481
2021-03-18,36081,1397,29650
2021-03-18,36085,338,7881
2021-03-19,36005,643,16287
2021-03-19,36047,1075,30774
2021-03-19,36061,657,27380
2021-03-19,36081,1098,26671
2021-03-19,36085,291,6662
2021-03-20,36005,713,15121
2021-03-20,36047,1244,27765
2021-03-20,36061,668,23202
2021-03-20,36081,1211,26701
2021-03-20,36085,363,7458
2021-03-21,36005,631,9753
2021-03-21,36047,951,18397
2021-03-21,36061,518,15125
2021-03-21,36081,1217,19749
2021-03-21,36085,248,4726
