Station (alphabetical by borough),FIPS,Boro,2015,2016,2017,2018,2019,2020,2019-2020 Change,,2020 Rank
"138 St-Grand Concourse (4,5)",36005,Bx,"1,056,380","1,070,024","1,036,746","944,598",1035878,371408,"-664,470",-64.10%,380
"149 St-Grand Concourse (2,4,5)",36005,Bx,"4,424,754","4,381,900","4,255,015","3,972,763",3931908,1815785,"-2,116,123",-53.80%,97
"161 St-Yankee Stadium (B,D,4)",36005,Bx,"8,922,188","8,784,407","8,596,506","8,392,290",8254928,3221651,"-5,033,277",-61.00%,37
167 St (4),36005,Bx,"3,180,274","3,179,087","2,954,228","2,933,140",2653237,1396287,"-1,256,950",-47.40%,140
"167 St (B,D)",36005,Bx,"3,295,032","3,365,748","3,293,451","2,022,919",2734530,1422149,"-1,312,381",-48.00%,138
170 St (4),36005,Bx,"3,045,205","3,038,777","2,785,331","2,562,443",2487611,1265950,"-1,221,661",-49.10%,162
"170 St (B,D)",36005,Bx,"2,286,670","2,317,558","2,270,027","2,454,974",2130461,1002095,"-1,128,366",-53.00%,205
"174 St (2,5)",36005,Bx,"2,313,651","2,411,413","2,334,317","2,056,692",2057118,953564,"-1,103,554",-53.60%,215
"174-175 Sts (B,D)",36005,Bx,"1,695,879","1,752,387","1,735,321","1,005,075",1518260,788121,"-730,139",-48.10%,258
176 St (4),36005,Bx,"1,969,221","2,036,529","1,943,854","1,803,691",1713696,876865,"-836,831",-48.80%,232
"182-183 Sts (B,D)",36005,Bx,"1,643,266","1,682,092","1,577,144","1,502,814",1513443,761613,"-751,830",-49.70%,264
183 St (4),36005,Bx,"2,057,944","2,071,316","2,001,410","1,831,457",1779224,951634,"-827,590",-46.50%,217
"219 St (2,5)",36005,Bx,"1,108,859","1,049,128","1,044,200","1,026,894",979390,457388,"-522,002",-53.30%,356
"225 St (2,5)",36005,Bx,"1,439,495","1,365,544","1,323,910","1,224,369",1187486,549296,"-638,190",-53.70%,325
231 St (1),36005,Bx,"2,966,015","3,013,521","3,013,031","3,133,231",2919305,1289691,"-1,629,614",-55.80%,158
"233 St (2,5)",36005,Bx,"1,762,923","1,688,487","1,565,455","1,496,673",1445532,721495,"-724,037",-50.10%,278
238 St (1),36005,Bx,"1,240,616","1,327,862","1,335,877","960,970",1204095,588199,"-615,896",-51.20%,317
3 Av-138 St (6),36005,Bx,"2,531,974","2,509,085","2,515,479","2,451,972",2503850,1271192,"-1,232,658",-49.20%,161
"3 Av-149 St (2,5)",36005,Bx,"7,363,663","7,609,968","7,458,222","6,784,053",6768255,3166766,"-3,601,489",-53.20%,39
"Allerton Av (2,5)",36005,Bx,"1,821,628","1,733,740","1,678,247","1,603,702",1614464,760068,"-854,396",-52.90%,265
Baychester Av (5),36005,Bx,"1,137,693","1,112,259","1,054,373","1,006,343",1094872,491293,"-603,579",-55.10%,340
"Bedford Park Blvd (B,D)",36005,Bx,"2,196,065","2,240,256","2,220,298","1,984,267",2143375,968590,"-1,174,785",-54.80%,211
Bedford Park Blvd-Lehman College (4),36005,Bx,"1,863,892","1,812,036","1,716,853","1,575,555",1538253,691845,"-846,408",-55.00%,289
"Bronx Park East (2,5)",36005,Bx,"877,311","841,547","799,927","752,916",769303,354016,"-415,287",-54.00%,386
Brook Av (6),36005,Bx,"1,981,721","1,964,831","1,938,814","1,895,570",1823468,949904,"-873,564",-47.90%,219
Buhre Av (6),36005,Bx,"661,527","1,048,776","1,094,122","1,110,307",1146032,519694,"-626,338",-54.70%,331
"Burke Av (2,5)",36005,Bx,"1,139,826","1,099,582","1,064,119","997,617",1000896,480152,"-520,744",-52.00%,344
Burnside Av (4),36005,Bx,"3,641,720","3,617,308","3,442,348","3,198,218",3113514,1473081,"-1,640,433",-52.70%,129
Castle Hill Av (6),36005,Bx,"2,174,412","2,100,194","2,071,819","2,000,084",1954511,947432,"-1,007,079",-51.50%,221
Cypress Av (6),36005,Bx,"1,228,311","1,265,930","1,230,910","1,113,667",1043922,507795,"-536,127",-51.40%,335
East 143 St-St Mary's St (6),36005,Bx,"298,462","313,386","285,667","301,240",313938,168285,"-145,653",-46.40%,415
East 149 St (6),36005,Bx,"1,479,241","1,518,946","1,531,045","1,508,022",1467410,788235,"-679,175",-46.30%,257
"East 180 St (2,5)",36005,Bx,"2,368,031","2,518,622","2,589,024","2,249,646",2211198,1142139,"-1,069,059",-48.30%,180
Eastchester-Dyre Av (5),36005,Bx,"1,330,123","1,293,411","1,261,041","1,259,009",1331886,631122,"-700,764",-52.60%,303
Elder Av (6),36005,Bx,"2,080,228","2,117,178","2,107,677","2,000,985",1996492,1053012,"-943,480",-47.30%,192
Fordham Rd (4),36005,Bx,"3,892,140","3,858,183","3,656,367","3,321,215",3120976,1580225,"-1,540,751",-49.40%,119
"Fordham Rd (B,D)",36005,Bx,"3,905,346","3,890,986","3,843,008","3,596,416",3671217,1713032,"-1,958,185",-53.30%,107
"Freeman St (2,5)",36005,Bx,"1,492,757","1,588,448","1,556,949","1,354,453",1358821,642087,"-716,734",-52.70%,300
"Gun Hill Rd (2,5)",36005,Bx,"2,449,555","2,473,814","2,429,804","2,197,147",2271942,1012373,"-1,259,569",-55.40%,202
Gun Hill Rd (5),36005,Bx,"1,639,924","1,619,073","1,555,601","1,521,987",1248513,466005,"-782,508",-62.70%,353
Hunts Point Av (6),36005,Bx,"3,305,563","3,269,585","3,243,725","3,216,569",3174354,1633812,"-1,540,542",-48.50%,116
"Intervale Av (2,5)",36005,Bx,"1,039,265","1,061,240","1,045,483","943,016",964689,472958,"-491,731",-51.00%,349
"Jackson Av (2,5)",36005,Bx,"1,731,638","1,802,193","1,794,781","1,597,307",1584727,740308,"-844,419",-53.30%,271
Kingsbridge Rd (4),36005,Bx,"3,171,646","3,126,119","3,024,692","2,783,082",2733096,1357273,"-1,375,823",-50.30%,148
"Kingsbridge Rd (B,D)",36005,Bx,"2,530,782","2,566,076","2,589,970","2,475,107",2485283,1189102,"-1,296,181",-52.20%,177
Longwood Av (6),36005,Bx,"1,088,970","1,081,519","1,084,049","1,040,934",949680,390165,"-559,515",-58.90%,376
Middletown Rd (6),36005,Bx,"795,762","598,447","609,861","595,044",597839,257912,"-339,927",-56.90%,405
Morris Park (5),36005,Bx,"629,282","677,899","685,577","668,423",711229,318988,"-392,241",-55.10%,395
Morrison Av-Soundview (6),36005,Bx,"2,097,203","2,135,920","2,125,767","1,988,053",1970185,1000610,"-969,575",-49.20%,206
Mosholu Pkwy (4),36005,Bx,"2,891,451","2,836,370","2,695,090","2,531,607",2491758,1274467,"-1,217,291",-48.90%,160
Mt Eden Av (4),36005,Bx,"1,844,131","1,824,478","1,708,790","1,652,407",1551038,823443,"-727,595",-46.90%,243
"Nereid Av (2,5)",36005,Bx,"1,162,973","1,131,328","1,085,289","1,034,335",1006617,470230,"-536,387",-53.30%,351
Norwood-205 St (D),36005,Bx,"2,750,124","2,805,984","2,723,506","2,611,874",2639003,1315356,"-1,323,647",-50.20%,153
Parkchester (6),36005,Bx,"5,224,959","5,201,901","5,071,740","4,836,244",4734709,2205552,"-2,529,157",-53.40%,71
Pelham Bay Park (6),36005,Bx,"2,337,689","2,208,725","2,207,720","2,146,552",2134403,951324,"-1,183,079",-55.40%,218
"Pelham Pkwy (2,5)",36005,Bx,"3,066,190","2,955,589","2,849,210","2,639,586",2651208,1222206,"-1,429,002",-53.90%,172
Pelham Pkwy (5),36005,Bx,"894,727","897,374","869,177","844,884",896134,405004,"-491,130",-54.80%,371
"Prospect Av (2,5)",36005,Bx,"2,394,820","2,513,169","2,413,743","2,142,697",2148059,1021781,"-1,126,278",-52.40%,199
"Simpson St (2,5)",36005,Bx,"3,048,014","3,046,838","2,965,807","2,585,974",2602749,1230833,"-1,371,916",-52.70%,171
St Lawrence Av (6),36005,Bx,"1,320,571","1,329,758","1,334,387","1,273,609",1276865,641826,"-635,039",-49.70%,301
"Tremont Av (B,D)",36005,Bx,"3,155,197","3,213,396","3,154,608","3,246,064",3052099,1433744,"-1,618,355",-53.00%,133
Van Cortlandt Park-242 St (1),36005,Bx,"2,266,986","2,294,482","2,249,314","2,333,136",2189109,980836,"-1,208,273",-55.20%,208
Wakefield-241 St (2),36005,Bx,"1,654,707","1,662,337","1,578,125","1,484,478",1404748,711029,"-693,719",-49.40%,281
"West Farms Sq-East Tremont Av (2,5)",36005,Bx,"2,437,882","2,465,907","2,388,659","2,094,751",2104945,947252,"-1,157,693",-55.00%,222
Westchester Sq-East Tremont Av (6),36005,Bx,"2,056,555","1,952,473","1,917,007","1,817,925",1796415,835515,"-960,900",-53.50%,240
Whitlock Av (6),36005,Bx,"545,079","571,352","595,385","592,103",586845,308198,"-278,647",-47.50%,400
Woodlawn (4),36005,Bx,"2,418,890","2,380,900","2,242,100","2,160,859",2094285,949554,"-1,144,731",-54.70%,220
Zerega Av (6),36005,Bx,"492,883","784,314","799,739","792,928",795756,361499,"-434,257",-54.60%,385
"15 St-Prospect Park (F,G)",36047,B,"2,011,237","1,958,444","1,917,454","1,867,619",1964534,681492,"-1,283,042",-65.30%,292
18 Av (D),36047,B,"1,925,239","2,003,777","1,948,610","1,909,554",1942617,851720,"-1,090,897",-56.20%,236
18 Av (F),36047,B,"1,392,552","1,344,286","1,281,041","1,163,390",1113492,503136,"-610,356",-54.80%,338
18 Av (N),36047,B,"1,784,992","723,187","992,834","981,261",1179756,677764,"-501,992",-42.60%,294
20 Av (D),36047,B,"1,592,525","1,656,437","1,579,804","1,534,396",1578971,703957,"-875,014",-55.40%,285
20 Av (N),36047,B,"1,279,525","409,416","664,120","1,075,077",1142086,486218,"-655,868",-57.40%,342
25 Av (D),36047,B,"1,508,412","1,992,945","1,789,365","1,571,134",1507759,609450,"-898,309",-59.60%,311
25 St (R),36047,B,"1,221,949","1,188,884","1,373,521","1,149,469",1153842,504579,"-649,263",-56.30%,336
"36 St (D,N,R)",36047,B,"4,138,929","4,235,509","4,543,305","4,293,364",4254406,1924520,"-2,329,886",-54.80%,89
"4 Av (F,G)/9 St (R)",36047,B,"4,199,208","4,138,758","4,323,467","3,906,028",3924882,1531708,"-2,393,174",-61.00%,127
45 St (R),36047,B,"2,321,241","2,228,315","2,390,684","2,251,921",2461410,1081234,"-1,380,176",-56.10%,185
50 St (D),36047,B,"968,612","1,012,356","986,060","965,643",976988,521944,"-455,044",-46.60%,330
53 St (R),36047,B,"2,374,338","2,334,471","1,187,907","2,378,056",2797730,1368019,"-1,429,711",-51.10%,145
55 St (D),36047,B,"595,157","665,488","632,198","650,590",637405,330043,"-307,362",-48.20%,393
"59 St (N,R)",36047,B,"4,158,863","4,169,280","5,326,789","3,998,207",3664480,1631566,"-2,032,914",-55.50%,117
"7 Av (B,Q)",36047,B,"2,980,366","2,943,272","3,236,816","3,126,475",3103599,1007948,"-2,095,651",-67.50%,203
"7 Av (F,G)",36047,B,"3,780,126","3,700,321","3,623,053","3,572,223",3675218,1314989,"-2,360,229",-64.20%,154
71 St (D),36047,B,"1,487,929","2,029,479","1,854,361","1,746,966",1722921,721711,"-1,001,210",-58.10%,277
77 St (R),36047,B,"1,723,178","1,743,795","1,980,011","1,676,402",1674582,700333,"-974,249",-58.20%,287
79 St (D),36047,B,"2,043,471","2,137,349","2,032,937","1,901,043",1926290,816330,"-1,109,960",-57.60%,245
8 Av (N),36047,B,"3,796,909","4,586,559","4,088,721","3,700,661",3801700,1424892,"-2,376,808",-62.50%,136
86 St (N),36047,B,"859,293","419,039","494,456","609,555",708542,365213,"-343,329",-48.50%,383
86 St (R),36047,B,"3,747,601","3,752,400","3,516,712","3,470,741",3434888,1538353,"-1,896,535",-55.20%,125
9 Av (D),36047,B,"1,843,944","1,858,368","1,737,192","1,667,200",1708387,807970,"-900,417",-52.70%,249
Alabama Av (J),36047,B,"814,578","834,945","755,935","652,030",628299,337011,"-291,288",-46.40%,390
Atlantic Av (L),36047,B,"422,505","436,300","557,103","559,411",469819,228515,"-241,304",-51.40%,408
"Atlantic Av-Barclays Ctr (B,D,N,Q,R,2,3,4,5)",36047,B,"13,690,678","13,818,168","13,571,093","13,807,282",13939794,5474265,"-8,465,529",-60.70%,15
Avenue H (Q),36047,B,"899,662","952,855","1,006,747","1,034,018",991766,395439,"-596,327",-60.10%,373
Avenue I (F),36047,B,"672,710","585,217","326,469","326,005",584129,262583,"-321,546",-55.00%,403
Avenue J (Q),36047,B,"1,848,674","1,867,727","1,912,497","1,878,547",1775846,799621,"-976,225",-55.00%,254
Avenue M (Q),36047,B,"1,733,583","1,776,762","1,828,941","1,808,189",1691285,763258,"-928,027",-54.90%,263
Avenue N (F),36047,B,"1,027,713","941,921","643,200","612,201",877383,393183,"-484,200",-55.20%,375
Avenue P (F),36047,B,"858,733","809,816","534,727","509,036",739804,333836,"-405,968",-54.90%,392
Avenue U (F),36047,B,"716,715","772,331","373,322","310,821",547776,248310,"-299,466",-54.70%,406
Avenue U (N),36047,B,"1,253,349","456,533","734,714","830,278",1019104,503937,"-515,167",-50.60%,337
Avenue U (Q),36047,B,"2,231,577","2,332,985","2,360,833","2,329,614",2301941,979080,"-1,322,861",-57.50%,209
Avenue X (F),36047,B,"589,962","727,220","738,274","775,436",758700,334714,"-423,986",-55.90%,391
Bay 50 St (D),36047,B,"872,953","972,937","900,508","826,074",821873,351591,"-470,282",-57.20%,387
Bay Pkwy (D),36047,B,"2,368,617","2,578,524","2,502,105","2,435,949",2446673,1086573,"-1,360,100",-55.60%,184
Bay Pkwy (F),36047,B,"460,536","406,793","214,153","188,225",362802,167877,"-194,925",-53.70%,416
Bay Pkwy (N),36047,B,"2,298,369","3,435,240","2,950,253","2,266,916",2071452,940309,"-1,131,143",-54.60%,223
Bay Ridge Av (R),36047,B,"2,623,309","2,622,438","1,282,256","2,228,497",2354120,1023374,"-1,330,746",-56.50%,197
Bay Ridge-95 St (R),36047,B,"1,865,038","1,853,049","1,755,379","1,739,178",1743441,740055,"-1,003,386",-57.60%,272
Bedford Av (L),36047,B,"9,388,289","9,688,560","9,644,831","9,053,980",7836366,2873798,"-4,962,568",-63.30%,49
Bedford-Nostrand Avs (G),36047,B,"2,634,066","2,697,942","2,779,124","2,774,993",2795387,1062724,"-1,732,663",-62.00%,187
"Bergen St (2,3)",36047,B,"1,210,571","1,231,084","1,180,684","1,140,677",1208319,435520,"-772,799",-64.00%,368
"Bergen St (F,G)",36047,B,"3,708,300","3,599,389","3,525,144","3,478,946",3577496,1240354,"-2,337,142",-65.30%,169
Beverley Rd (Q),36047,B,"899,663","953,903","1,038,252","1,060,568",1048249,453974,"-594,275",-56.70%,359
"Beverly Rd (2,5)",36047,B,"1,392,643","1,379,958","1,348,244","1,307,405",1284232,607427,"-676,805",-52.70%,312
"Brighton Beach (B,Q)",36047,B,"4,014,831","4,044,514","3,957,811","3,778,194",3745994,1683782,"-2,062,212",-55.10%,111
Broadway (G),36047,B,"1,313,362","1,397,227","1,385,797","1,402,102",1506905,728238,"-778,667",-51.70%,274
"Broadway Junction (A,C,J,L,Z)",36047,B,"3,133,658","3,085,401","2,911,532","2,810,636",2759349,1292868,"-1,466,481",-53.10%,157
Bushwick Av-Aberdeen St (L),36047,B,"598,393","672,880","682,086","671,545",600188,298031,"-302,157",-50.30%,402
Canarsie-Rockaway Pkwy (L),36047,B,"4,024,313","3,897,784","3,828,628","3,598,843",3302691,1306173,"-1,996,518",-60.50%,155
"Carroll St (F,G)",36047,B,"3,672,702","3,563,150","3,537,661","3,490,924",3615019,1261245,"-2,353,774",-65.10%,165
Central Av (M),36047,B,"1,141,731","1,158,274","539,681","725,022",1472067,591081,"-880,986",-59.80%,315
"Chauncey St (J,Z)",36047,B,"1,045,698","1,092,483","1,095,638","1,063,828",1076510,479409,"-597,101",-55.50%,345
"Church Av (2,5)",36047,B,"3,070,551","3,027,658","2,916,680","2,818,535",2862033,1335645,"-1,526,388",-53.30%,151
"Church Av (B,Q)",36047,B,"5,707,573","5,438,775","5,455,527","5,161,293",5061013,2181585,"-2,879,428",-56.90%,72
"Church Av (F,G)",36047,B,"3,353,795","3,315,387","3,148,411","3,099,383",3051736,1368063,"-1,683,673",-55.20%,144
"Clark St (2,3)",36047,B,"1,997,148","2,000,024","1,631,139","1,550,414",1781419,589682,"-1,191,737",-66.90%,316
Classon Av (G),36047,B,"1,604,508","1,581,663","1,585,121","1,649,340",1722852,667262,"-1,055,590",-61.30%,297
Cleveland St (J),36047,B,"1,120,403","1,104,683","1,011,734","901,928",880879,436011,"-444,868",-50.50%,367
Clinton-Washington Avs (C),36047,B,"2,060,200","2,152,345","2,201,880","2,178,439",2144338,724726,"-1,419,612",-66.20%,275
Clinton-Washington Avs (G),36047,B,"1,716,023","1,656,058","1,551,042","1,534,802",1609332,574939,"-1,034,393",-64.30%,320
"Coney Island-Stillwell Av (D,F,N,Q)",36047,B,"5,132,083","5,025,598","4,803,755","4,615,664",4579191,1838369,"-2,740,822",-59.90%,95
Cortelyou Rd (Q),36047,B,"1,961,144","1,978,254","2,028,859","1,994,734",1957538,835380,"-1,122,158",-57.30%,241
"Court St (R)/Borough Hall (2,3,4,5)",36047,B,"11,360,058","11,080,334","10,693,598","10,364,534",10135722,3356706,"-6,779,016",-66.90%,34
"Crescent St (J,Z)",36047,B,"1,626,727","1,617,730","1,570,485","1,467,166",1391945,677801,"-714,144",-51.30%,293
"Crown Heights-Utica Av (3,4)",36047,B,"8,965,908","9,051,970","8,954,499","7,920,192",7933008,3654953,"-4,278,055",-53.90%,29
Cypress Hills (J),36047,B,"452,936","462,143","435,855","411,331",420647,222325,"-198,322",-47.10%,410
"DeKalb Av (B,Q,R)",36047,B,"5,373,388","5,640,329","6,551,184","6,776,248",6708640,2419410,"-4,289,230",-63.90%,60
DeKalb Av (L),36047,B,"3,938,538","4,017,076","4,171,610","4,000,252",3290894,1541784,"-1,749,110",-53.10%,124
Ditmas Av (F),36047,B,"1,033,946","1,055,185","1,137,998","1,149,528",1177275,538215,"-639,060",-54.30%,328
East 105 St (L),36047,B,"1,187,844","1,201,578","1,201,452","1,139,556",1001343,477302,"-524,041",-52.30%,346
"Eastern Pkwy-Brooklyn Museum (2,3)",36047,B,"1,676,659","1,585,048","1,530,635","1,544,013",1338351,441688,"-896,663",-67.00%,364
"Euclid Av (A,C)",36047,B,"3,509,500","3,458,027","3,415,739","3,174,827",3240578,1537226,"-1,703,352",-52.60%,126
"Flatbush Av-Brooklyn College (2,5)",36047,B,"6,487,608","6,321,530","6,107,780","5,822,873",5684108,2404776,"-3,279,332",-57.70%,61
Flushing Av (G),36047,B,"866,803","877,269","849,840","874,498",732897,402100,"-330,797",-45.10%,372
"Flushing Av (J,M)",36047,B,"2,991,074","2,894,033","2,764,583","2,537,390",2773154,1256788,"-1,516,366",-54.70%,168
Fort Hamilton Pkwy (D),36047,B,"1,297,755","1,349,733","1,273,516","1,191,580",1207971,614581,"-593,390",-49.10%,308
"Fort Hamilton Pkwy (F,G)",36047,B,"1,792,239","1,845,401","1,786,458","1,765,887",1800167,633055,"-1,167,112",-64.80%,302
Fort Hamilton Pkwy (N),36047,B,"2,164,028","554,051","988,664","969,878",1372278,780316,"-591,962",-43.10%,262
"Franklin Av (2,3,4,5)/Botanic Garden (S)",36047,B,"5,100,038","5,010,984","4,762,184","4,604,219",4999385,1849090,"-3,150,295",-63.00%,92
"Franklin Av (C,S)",36047,B,"2,137,752","2,056,281","2,058,258","2,051,171",1977940,781552,"-1,196,388",-60.50%,260
Fulton St (G),36047,B,"1,643,353","1,639,930","1,698,778","1,745,439",1768601,743347,"-1,025,254",-58.00%,269
"Gates Av (J,Z)",36047,B,"2,100,864","2,117,787","2,262,915","2,234,908",2249791,957606,"-1,292,185",-57.40%,213
Graham Av (L),36047,B,"3,293,413","3,324,292","3,299,951","3,093,428",2709511,1039834,"-1,669,677",-61.60%,196
"Grand Army Plaza (2,3)",36047,B,"2,433,907","2,425,948","2,265,097","2,228,173",2295401,813305,"-1,482,096",-64.60%,246
Grand St (L),36047,B,"2,242,757","2,174,128","2,256,349","2,126,443",1847219,809406,"-1,037,813",-56.20%,247
Grant Av (A),36047,B,"2,084,651","2,170,567","1,950,109","1,842,974",1749932,802190,"-947,742",-54.20%,252
Greenpoint Av (G),36047,B,"2,902,723","2,951,454","2,934,770","2,859,047",3089912,1296681,"-1,793,231",-58.00%,156
Halsey St (J),36047,B,"2,083,683","2,101,350","2,131,177","2,059,030",2120521,871012,"-1,249,509",-58.90%,233
Halsey St (L),36047,B,"2,465,693","2,629,576","2,776,078","2,625,255",2176141,1005045,"-1,171,096",-53.80%,204
"Hewes St (J,M)",36047,B,"981,379","913,179","894,671","893,262",1117566,468382,"-649,184",-58.10%,352
"High St (A,C)",36047,B,"2,656,705","2,536,059","2,983,672","3,463,611",3536860,1043554,"-2,493,306",-70.50%,194
"Hoyt St (2,3)",36047,B,"2,249,892","2,356,001","2,137,478","1,982,208",2293256,898643,"-1,394,613",-60.80%,228
"Hoyt-Schermerhorn Sts (A,C,G)",36047,B,"3,038,302","3,082,398","3,264,293","3,370,038",3605153,1426671,"-2,178,482",-60.40%,135
"Jay St-MetroTech (A,C,F,R)",36047,B,"12,765,132","13,091,255","13,007,176","12,504,027",12238047,4048255,"-8,189,792",-66.90%,26
Jefferson St (L),36047,B,"2,514,292","2,563,505","2,566,772","2,515,861",2237997,912845,"-1,325,152",-59.20%,226
Junius St (3),36047,B,"928,235","681,935","298,119","620,548",676092,346436,"-329,656",-48.80%,388
"Kings Hwy (B,Q)",36047,B,"5,905,481","6,014,920","6,040,256","5,895,421",5938819,2588491,"-3,350,328",-56.40%,56
Kings Hwy (F),36047,B,"1,202,640","1,398,753","1,531,332","1,356,085",1129071,488475,"-640,596",-56.70%,341
Kings Hwy (N),36047,B,"1,710,115","475,763","910,558","1,032,541",1371311,691832,"-679,479",-49.50%,290
Kingston Av (3),36047,B,"1,573,003","1,560,437","1,474,988","1,443,692",1472802,620880,"-851,922",-57.80%,305
Kingston-Throop Avs (C),36047,B,"1,992,480","2,031,710","2,085,536","2,099,891",2055094,791030,"-1,264,064",-61.50%,255
Knickerbocker Av (M),36047,B,"1,288,025","1,288,438","593,366","772,085",1544093,659855,"-884,238",-57.30%,299
Kosciuszko St (J),36047,B,"1,593,719","1,661,644","1,979,192","1,908,610",1779062,731320,"-1,047,742",-58.90%,273
Lafayette Av (C),36047,B,"1,631,737","1,639,947","1,621,121","1,631,673",1599887,619691,"-980,196",-61.30%,306
Liberty Av (C),36047,B,"858,554","920,826","886,011","839,241",833633,381652,"-451,981",-54.20%,379
Livonia Av (L),36047,B,"1,001,522","1,045,593","1,019,591","994,378",856615,446530,"-410,085",-47.90%,362
"Lorimer St (J,M)",36047,B,"1,614,154","1,595,826","1,619,602","1,495,068",1747990,716035,"-1,031,955",-59.00%,280
Lorimer St (L)/Metropolitan Av (G),36047,B,"5,238,736","5,156,893","5,010,601","4,821,359",4696924,1780896,"-2,916,028",-62.10%,100
"Marcy Av (J,M,Z)",36047,B,"4,204,877","4,272,443","4,199,041","4,171,666",4717791,1816258,"-2,901,533",-61.50%,96
Montrose Av (L),36047,B,"2,334,271","2,338,095","2,306,046","2,239,760",1933886,828023,"-1,105,863",-57.20%,242
Morgan Av (L),36047,B,"2,453,723","2,614,617","2,594,607","2,465,927",2100475,866007,"-1,234,468",-58.80%,234
"Myrtle Av (J,M,Z)",36047,B,"3,687,468","3,764,562","4,213,096","3,789,470",3854024,1563366,"-2,290,658",-59.40%,121
Myrtle-Willoughby Avs (G),36047,B,"1,875,988","1,887,369","1,765,653","1,768,122",1820637,789214,"-1,031,423",-56.70%,256
"Myrtle-Wyckoff Avs (L,M)",36047,B,"6,464,630","6,531,453","7,302,376","6,893,183",5927332,2704645,"-3,222,687",-54.40%,52
Nassau Av (G),36047,B,"2,916,005","2,851,899","2,765,172","2,880,235",3136229,1186206,"-1,950,023",-62.20%,179
Neck Rd (Q),36047,B,"1,305,776","1,336,596","1,379,473","1,366,989",1362524,573448,"-789,076",-57.90%,321
Neptune Av (F),36047,B,"531,011","513,566","478,754","433,083",428163,185099,"-243,064",-56.80%,413
"Nevins St (2,3,4,5)",36047,B,"3,310,625","3,220,745","3,271,270","3,215,723",3150597,1189273,"-1,961,324",-62.30%,176
New Lots Av (3),36047,B,"2,155,220","2,065,205","1,810,576","1,644,379",1643487,800943,"-842,544",-51.30%,253
New Lots Av (L),36047,B,"1,595,607","1,645,273","1,638,839","1,499,170",1254351,606925,"-647,426",-51.60%,313
New Utrecht Av (N)/62 St (D),36047,B,"1,857,740","1,784,812","1,651,274","1,503,742",1501183,718496,"-782,687",-52.10%,279
"Newkirk Av (2,5)",36047,B,"2,476,287","2,395,551","2,315,386","2,221,270",2131839,1021789,"-1,110,050",-52.10%,198
"Newkirk Plaza (B,Q)",36047,B,"3,432,907","3,315,748","3,356,199","3,258,207",3252504,1356510,"-1,895,994",-58.30%,149
"Norwood Av (J,Z)",36047,B,"1,159,274","1,146,658","1,065,073","966,728",948571,454457,"-494,114",-52.10%,357
Nostrand Av (3),36047,B,"1,386,067","1,358,853","1,295,175","1,250,715",1370372,512753,"-857,619",-62.60%,334
"Nostrand Av (A,C)",36047,B,"5,762,163","5,861,658","5,823,419","5,609,408",5608232,2150476,"-3,457,756",-61.70%,74
Ocean Pkwy (Q),36047,B,"1,022,215","1,016,458","1,022,378","1,018,695",1033340,462998,"-570,342",-55.20%,355
Park Pl (S),36047,B,"602,858","576,122","575,188","537,340",519984,214950,"-305,034",-58.70%,411
Parkside Av (Q),36047,B,"1,692,567","1,783,716","1,953,704","1,979,647",1955051,861896,"-1,093,155",-55.90%,235
Pennsylvania Av (3),36047,B,"2,111,790","753,493","1,054,654","1,279,685",1360708,662596,"-698,112",-51.30%,298
"President St (2,5)",36047,B,"1,243,976","1,226,582","1,227,134","1,197,019",1037219,443229,"-593,990",-57.30%,363
Prospect Av (R),36047,B,"1,785,990","1,758,711","961,733","1,638,002",1780893,676624,"-1,104,269",-62.00%,295
"Prospect Park (B,Q,S)",36047,B,"3,327,301","3,272,810","3,421,790","3,289,464",3323334,1261501,"-2,061,833",-62.00%,164
Ralph Av (C),36047,B,"1,867,793","1,863,036","1,894,817","1,850,375",1829126,818101,"-1,011,025",-55.30%,244
Rockaway Av (3),36047,B,"526,505","1,534,978","1,685,468","1,412,271",1451431,722986,"-728,445",-50.20%,276
Rockaway Av (C),36047,B,"1,721,297","1,786,802","1,794,365","1,790,683",1787343,781385,"-1,005,958",-56.30%,261
Saratoga Av (3),36047,B,"2,442,282","1,208,956","1,702,107","1,535,733",1556357,786160,"-770,197",-49.50%,259
"Sheepshead Bay (B,Q)",36047,B,"4,296,566","4,322,837","4,297,325","4,183,545",4169796,1772098,"-2,397,698",-57.50%,101
Shepherd Av (C),36047,B,"1,059,106","1,059,144","1,038,180","990,387",977012,449144,"-527,868",-54.00%,361
"Smith-9 Sts (F,G)",36047,B,"1,636,221","1,533,167","1,484,326","1,466,151",1435824,609725,"-826,099",-57.50%,309
"Sterling St (2,5)",36047,B,"1,822,524","1,805,238","1,787,994","1,753,125",1654809,745895,"-908,914",-54.90%,267
Sutter Av (L),36047,B,"1,453,567","1,435,112","1,394,283","1,246,958",1047762,483645,"-564,117",-53.80%,343
Sutter Av-Rutland Rd (3),36047,B,"2,420,464","2,035,027","1,049,559","1,968,448",2019485,995590,"-1,023,895",-50.70%,207
Union St (R),36047,B,"2,073,096","2,024,863","1,935,724","2,090,848",2271983,808042,"-1,463,941",-64.40%,248
"Utica Av (A,C)",36047,B,"5,060,099","5,152,649","5,271,782","5,195,786",5106247,2085483,"-3,020,764",-59.20%,78
Van Siclen Av (3),36047,B,"304,082","1,250,237","1,078,048","854,150",853106,413650,"-439,456",-51.50%,370
Van Siclen Av (C),36047,B,"1,019,100","1,017,779","1,026,358","955,230",918811,437290,"-481,521",-52.40%,366
"Van Siclen Av (J,Z)",36047,B,"966,461","983,370","910,042","818,735",791691,416713,"-374,978",-47.40%,369
"West 8 St-New York Aquarium (F,Q)",36047,B,"789,416","795,636","789,104","818,685",837836,315691,"-522,145",-62.30%,396
Wilson Av (L),36047,B,"1,407,098","1,219,239","1,471,094","1,420,065",1290221,587630,"-702,591",-54.50%,318
"Winthrop St (2,5)",36047,B,"2,241,716","2,146,809","2,148,162","2,140,028",1882065,974253,"-907,812",-48.20%,210
York St (F),36047,B,"2,900,416","3,286,640","3,172,717","3,256,154",3927129,1257103,"-2,670,026",-68.00%,167
1 Av (L),36061,M,"7,702,110","7,660,896","7,071,729","6,743,140",5345371,2177284,"-3,168,087",-59.30%,73
103 St (1),36061,M,"4,258,632","4,290,142","4,114,291","4,072,703",3766055,1470254,"-2,295,801",-61.00%,130
103 St (6),36061,M,"4,031,201","4,336,922","4,402,069","4,065,523",4039570,1851275,"-2,188,295",-54.20%,91
"103 St (B,C)",36061,M,"1,521,132","1,481,660","1,470,838","1,630,405",1498363,579191,"-919,172",-61.30%,319
110 St (6),36061,M,"4,209,449","4,196,711","3,734,660","3,394,176",3316061,1468770,"-1,847,291",-55.70%,131
"116 St (2,3)",36061,M,"3,948,545","3,874,037","3,729,434","3,446,526",3345661,1375593,"-1,970,068",-58.90%,143
116 St (6),36061,M,"5,324,072","5,336,694","5,066,069","4,683,148",4572453,2052609,"-2,519,844",-55.10%,81
"116 St (B,C)",36061,M,"2,246,138","2,276,196","2,253,473","2,262,578",2288111,896442,"-1,391,669",-60.80%,229
116 St-Columbia University (1),36061,M,"4,846,181","4,797,152","4,586,341","4,528,136",4380469,1316284,"-3,064,185",-70.00%,152
125 St (1),36061,M,"2,555,321","2,524,125","2,438,960","2,457,157",2368025,967478,"-1,400,547",-59.10%,212
"125 St (2,3)",36061,M,"5,121,518","4,989,981","5,054,479","4,727,671",4644262,1848803,"-2,795,459",-60.20%,93
"125 St (4,5,6)",36061,M,"9,586,567","9,431,163","9,088,393","8,630,430",8554857,3587673,"-4,967,184",-58.10%,31
"125 St (A,B,C,D)",36061,M,"9,558,837","9,603,878","9,335,382","9,037,343",9208598,3863203,"-5,345,395",-58.00%,27
"135 St (2,3)",36061,M,"4,949,583","4,867,017","4,768,474","4,506,259",4268823,1867402,"-2,401,421",-56.30%,90
"135 St (B,C)",36061,M,"1,693,561","1,731,460","1,743,984","1,622,552",1743921,667495,"-1,076,426",-61.70%,296
137 St-City College (1),36061,M,"4,646,578","4,564,432","4,440,108","4,260,166",3874783,1717440,"-2,157,343",-55.70%,106
"14 St (A,C,E)/8 Av (L)",36061,M,"14,763,727","14,572,075","14,153,266","14,324,670",14239275,4463227,"-9,776,048",-68.70%,22
"14 St (F,M,1,2,3)/6 Av (L)",36061,M,"16,121,318","16,118,952","15,187,056","15,002,214",14736035,5057029,"-9,679,006",-65.70%,18
"14 St-Union Sq (L,N,Q,R,W,4,5,6)",36061,M,"35,320,623","34,289,822","34,557,551","33,124,407",32385260,10830712,"-21,554,548",-66.60%,4
145 St (1),36061,M,"3,338,110","3,328,994","3,208,921","3,062,446",2936613,1264852,"-1,671,761",-56.90%,163
145 St (3),36061,M,"1,137,484","1,086,105","1,093,045","635,413",954825,438388,"-516,437",-54.10%,365
"145 St (A,B,C,D)",36061,M,"7,923,696","7,949,593","7,714,122","7,434,662",7464653,3111334,"-4,353,319",-58.30%,40
"155 St (B,D)",36061,M,"1,306,282","1,308,981","1,212,240","1,115,948",1123868,546625,"-577,243",-51.40%,327
155 St (C),36061,M,"842,826","881,431","887,427","1,001,262",895036,367255,"-527,781",-59.00%,381
157 St (1),36061,M,"3,516,545","3,542,519","3,488,053","3,514,522",3739786,1414356,"-2,325,430",-62.20%,139
163 St-Amsterdam Av (C),36061,M,"1,395,260","1,450,668","1,437,340","548,092",1390312,617596,"-772,716",-55.60%,307
"168 St (A,C,1)",36061,M,"8,009,233","8,217,661","7,945,871","8,150,537",6156288,3265733,"-2,890,555",-47.00%,36
175 St (A),36061,M,"4,197,373","4,049,645","4,112,450","3,879,652",4182625,1665946,"-2,516,679",-60.20%,115
18 St (1),36061,M,"2,676,304","2,687,128","2,594,336","2,683,235",2649616,803924,"-1,845,692",-69.70%,251
181 St (1),36061,M,"3,779,275","3,772,385","3,742,446","3,605,435",3523536,1682772,"-1,840,764",-52.20%,112
181 St (A),36061,M,"3,628,174","3,459,170","3,453,621","3,368,097",3404841,1364548,"-2,040,293",-59.90%,147
190 St (A),36061,M,"1,530,460","1,460,194","1,494,996","1,423,142",1535450,562043,"-973,407",-63.40%,322
191 St (1),36061,M,"2,713,440","2,730,419","2,657,964","2,526,932",2333160,453577,"-1,879,583",-80.60%,360
2 Av (F),36061,M,"5,847,710","5,772,537","5,372,036","5,034,358",5583944,1846978,"-3,736,966",-66.90%,94
207 St (1),36061,M,"2,090,297","2,148,169","2,097,830","2,020,214",1853146,892067,"-961,079",-51.90%,231
215 St (1),36061,M,"615,177","636,441","617,727","553,050",527505,212402,"-315,103",-59.70%,412
23 St (1),36061,M,"4,884,678","4,703,374","4,557,216","4,853,909",4627755,1566363,"-3,061,392",-66.20%,120
23 St (6),36061,M,"8,627,481","8,539,378","8,265,227","9,035,498",8659806,2677996,"-5,981,810",-69.10%,53
"23 St (C,E)",36061,M,"7,844,508","7,543,246","7,410,618","7,420,152",7272610,2341259,"-4,931,351",-67.80%,66
"23 St (F,M)",36061,M,"8,942,154","8,989,195","8,636,801","5,099,809",8619473,3100291,"-5,519,182",-64.00%,42
"23 St (R,W)",36061,M,"7,965,410","8,151,328","7,651,650","8,155,834",7085694,2020698,"-5,064,996",-71.50%,83
28 St (1),36061,M,"4,665,377","4,544,976","4,348,170","4,444,072",4493352,1367598,"-3,125,754",-69.60%,146
28 St (6),36061,M,"7,214,293","7,161,164","6,836,061","3,525,030",5834989,2230478,"-3,604,511",-61.80%,68
"28 St (R,W)",36061,M,"4,083,143","4,205,109","4,065,263","4,445,982",4018310,1197468,"-2,820,842",-70.20%,174
3 Av (L),36061,M,"2,386,533","2,449,392","2,319,152","2,204,834",1700456,742241,"-958,215",-56.40%,270
33 St (6),36061,M,"9,701,723","9,577,123","8,916,102","9,530,273",8934900,3078482,"-5,856,418",-65.50%,43
"34 St-Herald Sq (B,D,F,M,N,Q,R,W)",36061,M,"39,541,865","39,000,352","39,672,507","39,111,312",39385436,12826841,"-26,558,595",-67.40%,3
34 St-Hudson Yards (7),36061,M,"692,165","2,691,851","3,098,699","3,189,867",6108384,2092769,"-4,015,615",-65.70%,77
"34 St-Penn Station (1,2,3)",36061,M,"28,309,160","27,741,367","26,034,238","25,968,950",25967676,8103809,"-17,863,867",-68.80%,6
"34 St-Penn Station (A,C,E)",36061,M,"26,147,434","25,183,869","24,366,500","24,857,456",25631364,8010472,"-17,620,892",-68.70%,7
"42 St-Bryant Pk (B,D,F,M)/5 Av (7)",36061,M,"16,220,605","16,934,142","16,594,289","16,056,128",17213702,5405394,"-11,808,308",-68.60%,16
"47-50 Sts-Rockefeller Center (B,D,F,M)",36061,M,"18,469,446","18,086,203","17,471,620","17,289,384",18604810,5826100,"-12,778,710",-68.70%,13
"49 St (N,R,W)",36061,M,"8,029,988","8,754,627","8,626,669","8,394,862",7410041,1985474,"-5,424,567",-73.20%,86
"5 Av-53 St (E,M)",36061,M,"7,597,212","7,240,517","7,111,270","7,748,504",7684091,2076871,"-5,607,220",-73.00%,79
"5 Av-59 St (N,R,W)",36061,M,"6,017,047","5,929,715","5,367,130","5,136,918",4995128,1672584,"-3,322,544",-66.50%,114
50 St (1),36061,M,"8,266,677","8,157,242","7,751,756","8,088,925",8134360,2213137,"-5,921,223",-72.80%,70
"50 St (C,E)",36061,M,"6,826,275","6,778,797","6,694,422","6,441,984",6902595,2002813,"-4,899,782",-71.00%,84
57 St (F),36061,M,"4,720,245","4,821,309","4,557,372","2,254,820",4550216,1491039,"-3,059,177",-67.20%,128
"57 St-7 Av (N,Q,R,W)",36061,M,"9,512,090","9,616,547","11,300,097","11,978,164",11012550,3474824,"-7,537,726",-68.40%,32
"59 St-Columbus Circle (A,B,C,D,1)",36061,M,"23,299,666","23,203,443","22,929,203","22,991,014",23040650,7618925,"-15,421,725",-66.90%,8
66 St-Lincoln Center (1),36061,M,"7,790,234","7,606,975","7,002,620","7,196,026",7068256,2141714,"-4,926,542",-69.70%,75
68 St-Hunter College (6),36061,M,"10,237,854","10,124,694","6,998,999","6,537,270",6699711,2511235,"-4,188,476",-62.50%,57
"7 Av (B,D,E)",36061,M,"5,252,615","5,162,589","5,105,535","5,299,531",5508778,1545234,"-3,963,544",-71.90%,123
"72 St (1,2,3)",36061,M,"13,341,361","13,257,766","12,749,746","12,879,887",12379560,4498641,"-7,880,919",-63.70%,21
"72 St (B,C)",36061,M,"2,979,236","2,921,892","2,799,974","1,382,963",2837041,935070,"-1,901,971",-67.00%,224
72 St (Q),36061,M,,,"8,536,209","9,068,131",9528891,3752228,"-5,776,663",-60.60%,28
77 St (6),36061,M,"11,014,861","10,927,200","8,276,168","7,653,602",7821286,3190550,"-4,630,736",-59.20%,38
79 St (1),36061,M,"5,534,255","5,371,624","5,102,655","4,990,840",4745863,1678293,"-3,067,570",-64.60%,113
"8 St-New York University (R,W)",36061,M,"5,894,747","6,030,544","5,569,352","5,686,332",5434212,1549451,"-3,884,761",-71.50%,122
"81 St-Museum of Natural History (B,C)",36061,M,"4,584,041","4,517,912","4,328,599","4,748,083",4407607,1275973,"-3,131,634",-71.10%,159
86 St (1),36061,M,"6,464,625","6,359,252","5,988,837","6,139,911",5659795,2076862,"-3,582,933",-63.30%,80
"86 St (4,5,6)",36061,M,"20,890,828","20,337,593","14,277,369","13,486,510",13537308,5155496,"-8,381,812",-61.90%,17
"86 St (B,C)",36061,M,"3,474,343","3,478,317","3,177,707","1,734,366",3232637,1188684,"-2,043,953",-63.20%,178
86 St (Q),36061,M,,,"7,693,260","8,075,480",8378778,2913038,"-5,465,740",-65.20%,47
"96 St (1,2,3)",36061,M,"13,008,596","12,700,397","11,948,981","11,702,401",11628887,4293386,"-7,335,501",-63.10%,23
96 St (6),36061,M,"8,294,978","8,004,488","5,576,058","5,151,742",5145222,2219217,"-2,926,005",-56.90%,69
"96 St (B,C)",36061,M,"3,084,906","3,044,779","2,887,965","2,836,643",3038864,1194638,"-1,844,226",-60.70%,175
96 St (Q),36061,M,,,"5,445,960","6,014,304",6154837,2353959,"-3,800,878",-61.80%,65
Astor Place (6),36061,M,"5,447,655","5,271,496","5,245,449","5,111,358",5502925,1684189,"-3,818,736",-69.40%,110
"Bowery (J,Z)",36061,M,"1,184,920","1,223,959","1,327,970","1,275,541",1325244,454326,"-870,918",-65.70%,358
"Bowling Green (4,5)",36061,M,"9,153,462","8,870,811","8,234,513","8,251,885",8362034,2503222,"-5,858,812",-70.10%,58
"Broad St (J,Z)",36061,M,"1,834,780","2,064,292","2,056,754","1,967,616",2172223,698480,"-1,473,743",-67.80%,288
"Broadway-Lafayette St (B,D,F,M)/Bleecker St (6)",36061,M,"12,666,868","12,405,639","11,956,465","11,414,999",12455155,4062645,"-8,392,510",-67.40%,25
"Brooklyn Bridge-City Hall (4,5,6)/Chambers St (J,Z)",36061,M,"10,481,576","10,059,080","9,360,484","9,060,206",9065146,2710023,"-6,355,123",-70.10%,51
Canal St (1),36061,M,"1,830,920","1,801,063","1,756,236","1,884,371",1984827,560302,"-1,424,525",-71.80%,323
"Canal St (A,C,E)",36061,M,"6,011,243","5,753,945","5,932,386","6,160,037",6403172,1965245,"-4,437,927",-69.30%,87
"Canal St (J,N,Q,R,W,Z,6)",36061,M,"15,094,135","15,274,896","16,285,516","15,995,877",15861864,4881373,"-10,980,491",-69.20%,19
Cathedral Pkwy-110 St (1),36061,M,"4,280,482","4,160,302","3,947,489","4,013,259",3703893,1433586,"-2,270,307",-61.30%,134
"Cathedral Pkwy-110 St (B,C)",36061,M,"2,376,166","2,354,421","2,377,135","1,168,203",2396624,934145,"-1,462,479",-61.00%,225
"Central Park North-110 St (2,3)",36061,M,"3,188,551","3,147,750","2,963,206","2,823,756",2666985,1060348,"-1,606,637",-60.20%,189
"Chambers St (1,2,3)",36061,M,"7,054,771","6,948,976","6,459,435","6,108,641",5941546,1781685,"-4,159,861",-70.00%,99
"Chambers St (A,C)/WTC (E)/Park Pl (2,3)/Cortlandt (R,W)",36061,M,"19,623,616","20,349,660","20,927,141","21,636,146",20820549,5930847,"-14,889,702",-71.50%,12
Christopher St-Sheridan Sq (1),36061,M,"3,363,949","3,307,136","3,193,169","3,312,074",3412332,1067635,"-2,344,697",-68.70%,186
"City Hall (R,W)",36061,M,"1,828,806","1,977,733","2,258,254","1,920,070",1710380,536758,"-1,173,622",-68.60%,329
"Delancey St (F)/Essex St (J,M,Z)",36061,M,"8,226,975","8,458,101","8,128,719","7,922,586",8861296,3388714,"-5,472,582",-61.80%,33
Dyckman St (1),36061,M,"2,317,843","2,410,021","2,329,753","2,263,932",2079656,1055222,"-1,024,434",-49.30%,190
Dyckman St (A),36061,M,"2,244,154","2,135,271","2,165,366","2,037,425",2238372,953250,"-1,285,122",-57.40%,216
East Broadway (F),36061,M,"4,576,662","4,752,739","4,458,909","4,216,327",4460330,1622512,"-2,837,818",-63.60%,118
Franklin St (1),36061,M,"1,731,354","1,782,203","1,700,180","1,757,424",1567005,501136,"-1,065,869",-68.00%,339
"Fulton St (A,C,J,Z,2,3,4,5)",36061,M,"21,671,684","25,162,937","26,838,473","27,719,115",27715365,8855302,"-18,860,063",-68.00%,5
"Grand Central-42 St (S,4,5,6,7)",36061,M,"46,737,564","46,121,509","44,928,488","45,207,849",45745700,13162826,"-32,582,874",-71.20%,2
"Grand St (B,D)",36061,M,"8,010,864","7,942,505","7,653,408","7,187,070",8024364,2908017,"-5,116,347",-63.80%,48
Harlem-148 St (3),36061,M,"1,269,910","1,220,407","1,209,846","1,232,448",1120454,473937,"-646,517",-57.70%,348
Houston St (1),36061,M,"4,377,409","4,375,993","4,326,280","4,488,886",4496793,1378640,"-3,118,153",-69.30%,141
Inwood-207 St (A),36061,M,"3,068,931","2,904,915","2,954,523","2,796,626",3150731,1260062,"-1,890,669",-60.00%,166
"Lexington Av (N,R,W)/59 St (4,5,6)",36061,M,"21,407,792","21,000,635","17,888,188","16,955,204",16760813,6273480,"-10,487,333",-62.60%,11
"Lexington Av-53 St (E,M)/51 St (6)",36061,M,"20,479,923","19,929,405","18,940,774","18,585,755",18957465,5718725,"-13,238,740",-69.80%,14
"Lexington Av-63 St (F,Q)",36061,M,"4,718,159","5,033,950","6,389,408","6,506,078",6567634,2441527,"-4,126,107",-62.80%,59
Marble Hill-225 St (1),36061,M,"1,809,998","1,777,035","1,726,646","1,686,237",1561844,754010,"-807,834",-51.70%,266
"Prince St (R,W)",36061,M,"5,386,641","5,314,922","4,990,346","5,142,727",4342692,1218279,"-3,124,413",-71.90%,173
Rector St (1),36061,M,"3,042,815","2,805,381","2,861,772","2,764,454",2554523,708206,"-1,846,317",-72.30%,283
"Rector St (R,W)",36061,M,"1,896,968","2,038,348","2,213,971","2,154,295",2014996,594426,"-1,420,570",-70.50%,314
Roosevelt Island (F),36061,M,"1,966,493","2,110,471","2,361,627","2,269,432",2380764,893253,"-1,487,511",-62.50%,230
"South Ferry (1)/Whitehall St (R,W)",36061,M,"8,750,364","9,009,136","10,205,836","10,275,268",10272682,3065053,"-7,207,629",-70.20%,44
Spring St (6),36061,M,"3,804,403","3,792,870","3,701,740","3,654,673",3754272,1123745,"-2,630,527",-70.10%,182
"Spring St (C,E)",36061,M,"3,782,314","3,744,702","3,637,863","3,853,792",4423135,1377863,"-3,045,272",-68.80%,142
"Times Sq-42 St (N,Q,R,W,S,1,2,3,7)/42 St (A,C,E)",36061,M,"66,359,208","64,531,511","64,815,739","65,060,656",65020294,20341240,"-44,679,054",-68.70%,1
"Wall St (2,3)",36061,M,"7,650,853","7,689,447","6,935,020","6,452,733",6910581,2029161,"-4,881,420",-70.60%,82
"Wall St (4,5)",36061,M,"6,708,745","6,148,384","5,704,122","5,646,207",5720475,1710383,"-4,010,092",-70.10%,108
"West 4 St-Washington Sq (A,B,C,D,E,F,M)",36061,M,"14,147,148","13,955,067","13,849,130","13,446,383",14063633,4503429,"-9,560,204",-68.00%,20
WTC Cortlandt (1),36061,M,0,0,0,"1,245,455",4232521,1138815,"-3,093,706",-73.10%,181
103 St-Corona Plaza (7),"	081",Q,"6,527,196","6,504,644","6,498,237","6,319,564",6399657,3311294,"-3,088,363",-48.30%,35
104 St (A),36081,Q,"538,400","626,547","560,309","548,871",536924,243156,"-293,768",-54.70%,407
"104 St (J,Z)",36081,Q,"841,545","850,903","502,541","456,765",774888,365060,"-409,828",-52.90%,384
111 St (7),36081,Q,"3,699,843","3,753,756","3,721,445","3,608,389",3836999,2119770,"-1,717,229",-44.80%,76
111 St (A),36081,Q,"767,647","561,857","748,813","762,641",760163,339066,"-421,097",-55.40%,389
111 St (J),36081,Q,"812,055","805,255","948,885","801,639",350344,302101,"-48,243",-13.80%,401
"121 St (J,Z)",36081,Q,"788,674","794,687","337,075","391,696",675500,315015,"-360,485",-53.40%,397
169 St (F),36081,Q,"2,858,542","2,787,763","2,629,975","2,497,336",2465120,1061564,"-1,403,556",-56.90%,188
21 St (G),36081,Q,"533,529","580,065","598,061","550,464",535536,228383,"-307,153",-57.40%,409
21 St-Queensbridge (F),36081,Q,"2,884,831","3,009,540","3,157,675","3,340,366",3516992,1355845,"-2,161,147",-61.40%,150
"30 Av (N,W)",36081,Q,"4,745,260","4,694,548","3,437,709","2,373,721",5230182,1767179,"-3,463,003",-66.20%,105
33 St-Rawson St (7),36081,Q,"3,712,153","3,636,632","3,402,610","3,031,465",2907388,956400,"-1,950,988",-67.10%,214
"36 Av (N,W)",36081,Q,"2,394,564","2,343,925","1,677,211","1,446,827",1933812,845827,"-1,087,985",-56.30%,238
"36 St (M,R)",36081,Q,"1,339,754","1,355,271","1,362,430","1,513,330",1383420,470766,"-912,654",-66.00%,350
"39 Av-Dutch Kills (N,W)",36081,Q,"1,072,026","1,016,809","979,103","665,750",761816,382607,"-379,209",-49.80%,378
40 St-Lowery St (7),36081,Q,"3,421,569","3,399,567","3,261,769","3,048,104",3074342,1236614,"-1,837,728",-59.80%,170
"46 St (M,R)",36081,Q,"2,956,981","2,904,517","2,781,811","2,711,011",2609445,1052114,"-1,557,331",-59.70%,193
46 St-Bliss St (7),36081,Q,"4,593,351","4,541,003","4,303,987","4,058,815",4019044,1769578,"-2,249,466",-56.00%,102
52 St (7),36081,Q,"2,177,884","2,131,770","2,027,659","1,883,246",1907368,847430,"-1,059,938",-55.60%,237
"63 Dr-Rego Park (M,R)",36081,Q,"5,244,226","5,219,811","4,991,559","4,769,745",4753706,1954647,"-2,799,059",-58.90%,88
"65 St (M,R)",36081,Q,"1,192,281","1,183,534","1,120,703","1,129,031",1098148,465309,"-632,839",-57.60%,354
"67 Av (M,R)",36081,Q,"2,853,794","2,807,769","2,695,321","2,592,645",2641450,1021518,"-1,619,932",-61.30%,200
69 St (7),36081,Q,"1,629,526","1,643,806","1,602,770","1,510,410",1564387,743488,"-820,899",-52.50%,268
"74-Broadway (7)/Jackson Hts-Roosevelt Av (E,F,M,R)",36081,Q,"17,224,537","17,301,839","17,095,073","16,994,358",17077862,7523538,"-9,554,324",-55.90%,9
"75 Av (E,F)",36081,Q,"1,136,305","1,102,600","994,127","1,019,978",1059027,395084,"-663,943",-62.70%,374
"75 St-Elderts Ln (J,Z)",36081,Q,"1,196,186","1,187,714","1,069,608","992,267",1029388,516795,"-512,593",-49.80%,332
80 St (A),36081,Q,"1,465,264","1,098,234","1,346,296","1,332,047",1298825,552808,"-746,017",-57.40%,324
82 St-Jackson Hts (7),36081,Q,"5,128,506","5,089,971","5,018,542","4,741,470",4893865,2297896,"-2,595,969",-53.00%,67
85 St-Forest Pkwy (J),36081,Q,"1,239,793","1,237,770","1,156,600","1,063,133",1061293,546685,"-514,608",-48.50%,326
88 St (A),36081,Q,"1,011,163","952,251","880,776","855,851",853110,384745,"-468,365",-54.90%,377
90 St-Elmhurst Av (7),36081,Q,"5,489,630","5,471,961","5,460,868","5,245,160",5272683,2661934,"-2,610,749",-49.50%,54
Aqueduct Racetrack (A),36081,Q,"672,734","676,971","641,464","732,091",601436,168737,"-432,699",-71.90%,414
Aqueduct-North Conduit Av (A),36081,Q,"365,488","342,494","309,029","276,067",263422,107146,"-156,276",-59.30%,421
"Astoria Blvd (N,W)",36081,Q,"3,926,062","3,894,399","3,988,480","4,226,298",723354,1053976,"330,622",45.70%,191
"Astoria-Ditmars Blvd (N,W)",36081,Q,"5,407,027","5,429,314","5,031,462","4,543,854",5277341,1996236,"-3,281,105",-62.20%,85
"Beach 105 St (A,S)",36081,Q,"99,254","95,469","97,654","92,852",88439,37750,"-50,689",-57.30%,423
Beach 25 St (A),36081,Q,"570,312","601,116","582,975","543,839",517164,258136,"-259,028",-50.10%,404
Beach 36 St (A),36081,Q,"296,860","305,816","298,395","275,165",292305,149257,"-143,048",-48.90%,417
Beach 44 St (A),36081,Q,"197,543","212,440","214,473","216,609",215701,109448,"-106,253",-49.30%,420
Beach 60 St (A),36081,Q,"801,015","794,595","726,189","630,038",623826,313416,"-310,410",-49.80%,398
Beach 67 St-Arverne By The Sea (A),36081,Q,"799,134","811,248","792,444","669,421",718008,366760,"-351,248",-48.90%,382
"Beach 90 St (A,S)",36081,Q,"333,006","335,515","411,887","382,766",348771,129188,"-219,583",-63.00%,418
"Beach 98 St (A,S)",36081,Q,"214,040","203,795","180,588","154,620",164130,63297,"-100,833",-61.40%,422
"Briarwood-Van Wyck Blvd (E,F)",36081,Q,"1,479,278","1,515,926","1,489,396","1,462,744",1501152,627403,"-873,749",-58.20%,304
"Broad Channel (A,S)",36081,Q,"91,766","91,208","87,774","82,248",90358,35837,"-54,521",-60.30%,424
"Broadway (N,W)",36081,Q,"4,300,632","4,189,306","4,060,805","2,436,810",3038655,1463280,"-1,575,375",-51.80%,132
"Court Sq (E,G,M,7)",36081,Q,"6,730,837","6,809,217","7,003,218","7,218,939",7033377,2368959,"-4,664,418",-66.30%,64
"Elmhurst Av (M,R)",36081,Q,"4,350,714","4,268,747","4,039,686","3,898,046",3867341,1706575,"-2,160,766",-55.90%,109
Far Rockaway-Mott Av (A),36081,Q,"1,576,988","1,572,694","1,472,005","1,376,087",1347765,709394,"-638,371",-47.40%,282
Flushing-Main St (7),36081,Q,"19,082,391","19,257,879","18,746,832","17,799,862",17568837,6944923,"-10,623,914",-60.50%,10
Forest Av (M),36081,Q,"1,317,289","1,316,296","796,742","927,801",1310163,609687,"-700,476",-53.50%,310
"Forest Hills-71 Av (E,F,M,R)",36081,Q,"8,654,547","8,581,096","8,748,221","8,115,385",8027234,3100667,"-4,926,567",-61.40%,41
Fresh Pond Rd (M),36081,Q,"1,806,429","1,831,889","1,198,376","1,400,512",1776084,841585,"-934,499",-52.60%,239
"Grand Av-Newtown (M,R)",36081,Q,"5,995,764","6,057,028","5,792,378","5,713,827",5730846,2394479,"-3,336,367",-58.20%,62
Howard Beach-JFK Airport (A),36081,Q,"1,041,816","1,012,067","1,123,405","1,154,695",1171303,325750,"-845,553",-72.20%,394
Hunters Point Av (7),36081,Q,"1,848,769","1,994,002","1,999,970","1,932,478",1885928,705574,"-1,180,354",-62.60%,284
"Jamaica Center-Parsons-Archer (E,J,Z)",36081,Q,"12,622,977","12,470,914","11,604,228","10,681,269",10010419,4284646,"-5,725,773",-57.20%,24
Jamaica-179 St (F),36081,Q,"6,898,938","6,783,119","6,463,698","6,270,766",6262449,2741359,"-3,521,090",-56.20%,50
Jamaica-Van Wyck (E),36081,Q,"1,545,016","1,536,716","1,555,962","1,502,672",1412179,807093,"-605,086",-42.80%,250
Junction Blvd (7),36081,Q,"7,064,435","7,249,912","7,084,849","6,896,657",6883317,3622647,"-3,260,670",-47.40%,30
"Kew Gardens-Union Turnpike (E,F)",36081,Q,"8,354,731","8,109,611","7,811,007","7,680,149",7625674,3054242,"-4,571,432",-59.90%,45
Mets-Willets Point (7),36081,Q,"2,120,859","2,004,343","1,873,789","1,756,825",2025162,311888,"-1,713,274",-84.60%,399
Middle Village-Metropolitan Av (M),36081,Q,"1,361,246","1,365,048","875,782","954,875",1090449,514007,"-576,442",-52.90%,333
"Northern Blvd (M,R)",36081,Q,"2,282,296","2,264,100","2,140,551","2,097,374",2008091,902165,"-1,105,926",-55.10%,227
Ozone Park-Lefferts Blvd (A),36081,Q,"2,224,331","2,351,557","2,306,419","2,296,755",2216647,1019115,"-1,197,532",-54.00%,201
Parsons Blvd (F),36081,Q,"2,094,007","2,063,042","1,998,650","2,003,517",2086114,1089861,"-996,253",-47.80%,183
"Queens Plaza (E,M,R)",36081,Q,"3,101,888","3,124,028","3,374,948","3,886,574",4334290,1422188,"-2,912,102",-67.20%,137
"Queensboro Plaza (N,W,7)",36081,Q,"3,773,168","4,105,500","4,566,287","5,079,051",5018211,1790223,"-3,227,988",-64.30%,98
Rockaway Blvd (A),36081,Q,"1,729,268","2,382,252","2,371,645","2,336,304",2299903,1040869,"-1,259,034",-54.70%,195
"Rockaway Park-Beach 116 St (A,S)",36081,Q,"255,542","250,220","235,691","240,483",228144,110133,"-118,011",-51.70%,419
Seneca Av (M),36081,Q,"842,069","854,251","454,373","565,714",1080829,474806,"-606,023",-56.10%,347
"Steinway St (M,R)",36081,Q,"4,779,346","4,703,321","4,733,777","5,075,623",4715335,1768131,"-2,947,204",-62.50%,104
Sutphin Blvd (F),36081,Q,"1,506,607","1,414,334","1,338,831","1,303,795",1345420,702013,"-643,407",-47.80%,286
"Sutphin Blvd-Archer Av-JFK Airport (E,J,Z)",36081,Q,"7,767,728","7,904,869","7,457,153","7,282,128",7354064,2951061,"-4,403,003",-59.90%,46
Vernon Blvd-Jackson Av (7),36081,Q,"4,462,652","4,877,185","4,821,191","4,493,326",4623070,1768317,"-2,854,753",-61.80%,103
"Woodhaven Blvd (J,Z)",36081,Q,"1,551,590","1,513,298","1,512,676","1,370,889",1337787,681796,"-655,991",-49.00%,291
"Woodhaven Blvd (M,R)",36081,Q,"7,120,037","7,144,921","6,871,409","6,509,386",6381132,2634483,"-3,746,649",-58.70%,55
Woodside-61 St (7),36081,Q,"5,432,682","5,511,564","5,457,171","5,282,486",5345369,2391083,"-2,954,286",-55.30%,63
